-- phpMyAdmin SQL Dump
-- version 5.0.4
-- https://www.phpmyadmin.net/
--
-- Host: 127.0.0.1
-- Generation Time: Mar 14, 2021 at 06:00 AM
-- Server version: 10.4.17-MariaDB
-- PHP Version: 8.0.0

SET SQL_MODE = "NO_AUTO_VALUE_ON_ZERO";
START TRANSACTION;
SET time_zone = "+00:00";


/*!40101 SET @OLD_CHARACTER_SET_CLIENT=@@CHARACTER_SET_CLIENT */;
/*!40101 SET @OLD_CHARACTER_SET_RESULTS=@@CHARACTER_SET_RESULTS */;
/*!40101 SET @OLD_COLLATION_CONNECTION=@@COLLATION_CONNECTION */;
/*!40101 SET NAMES utf8mb4 */;

--
-- Database: `poem`
--

-- --------------------------------------------------------

--
-- Table structure for table `admin`
--

CREATE TABLE `admin` (
  `id` int(11) NOT NULL,
  `username` varchar(80) COLLATE utf8mb4_unicode_ci NOT NULL,
  `email` varchar(80) COLLATE utf8mb4_unicode_ci NOT NULL,
  `password` varchar(255) COLLATE utf8mb4_unicode_ci NOT NULL,
  `token` varchar(255) COLLATE utf8mb4_unicode_ci DEFAULT NULL,
  `status` set('0','1','2','') COLLATE utf8mb4_unicode_ci NOT NULL,
  `role` set('1','2','3') COLLATE utf8mb4_unicode_ci NOT NULL,
  `created` timestamp NOT NULL DEFAULT current_timestamp(),
  `updated` timestamp NOT NULL DEFAULT current_timestamp() ON UPDATE current_timestamp(),
  `deleted` timestamp NULL DEFAULT NULL
) ENGINE=InnoDB DEFAULT CHARSET=utf8mb4 COLLATE=utf8mb4_unicode_ci;

--
-- Dumping data for table `admin`
--

INSERT INTO `admin` (`id`, `username`, `email`, `password`, `token`, `status`, `role`, `created`, `updated`, `deleted`) VALUES
(1, 'Super Admin', 'admin@gmail.com', '$2y$10$LZorm4pcPcz3//h87ACWc.24X8PWfcywlNYUbDYdu4YU4dreCSj4O', NULL, '1', '1', '2021-02-16 06:12:00', '2021-02-07 06:12:00', NULL);

-- --------------------------------------------------------

--
-- Table structure for table `comments`
--

CREATE TABLE `comments` (
  `id` int(11) NOT NULL,
  `tid` int(11) DEFAULT NULL,
  `uid` int(11) NOT NULL,
  `mid` int(11) DEFAULT NULL,
  `pid` int(11) DEFAULT NULL,
  `comment` varchar(1024) COLLATE utf8mb4_unicode_ci NOT NULL,
  `status` int(11) NOT NULL,
  `created` timestamp NOT NULL DEFAULT current_timestamp(),
  `deleted` timestamp NULL DEFAULT NULL
) ENGINE=InnoDB DEFAULT CHARSET=utf8mb4 COLLATE=utf8mb4_unicode_ci;

--
-- Dumping data for table `comments`
--

INSERT INTO `comments` (`id`, `tid`, `uid`, `mid`, `pid`, `comment`, `status`, `created`, `deleted`) VALUES
(84, NULL, 53, 20, NULL, '.THSI IS A BOOK.', 1, '2021-03-10 18:03:00', NULL),
(85, 23, 53, NULL, NULL, '.THSI US .', 0, '2021-03-10 18:03:19', NULL),
(86, NULL, 53, NULL, 2, '.THSI IS GREAT POEM.', 3, '2021-03-10 18:07:04', NULL),
(87, NULL, 53, NULL, 2, '.para are pare.', 3, '2021-03-10 18:07:17', NULL),
(88, NULL, 53, 25, NULL, '.this is nice story.', 1, '2021-03-11 12:07:47', NULL);

-- --------------------------------------------------------

--
-- Table structure for table `mypoem`
--

CREATE TABLE `mypoem` (
  `id` int(11) NOT NULL,
  `mpcid` int(11) NOT NULL,
  `sub` int(11) DEFAULT NULL,
  `title` varchar(500) NOT NULL,
  `poem` varchar(10000) NOT NULL,
  `image` varchar(200) NOT NULL,
  `status` int(20) NOT NULL DEFAULT 1,
  `created` timestamp NOT NULL DEFAULT current_timestamp(),
  `deleted` timestamp NOT NULL DEFAULT current_timestamp() ON UPDATE current_timestamp()
) ENGINE=InnoDB DEFAULT CHARSET=utf8mb4;

--
-- Dumping data for table `mypoem`
--

INSERT INTO `mypoem` (`id`, `mpcid`, `sub`, `title`, `poem`, `image`, `status`, `created`, `deleted`) VALUES
(18, 9, 5, 'হযরত সোলায়মান (আঃ) এর মৃত্যুর বিস্ময়কর ঘটনা', '\r\nহযরত সোলায়মান (আঃ) অদ্বিতীয় ও অনুপম সম্রাজ্যের অধিকারী ছিলেন। কেবল সমগ্র বিশ্বের নয়, বরং জিন জাতি বিহঙ্গকুল ও বায়ুর উপরও তাঁর আদেশ কার্যকর ছিল। কিন্তু এতসব উপায় উপকরণ থাকা সত্বেও তিনি মৃত্যুর কবল থেকে রেহাই পেলেন না। নির্দিষ্ট সময়ে তার মৃত্যু আগমন করেছে। বায়তুল মোকাদ্দাসের নির্মান কাজ হযরত দাউদ (আঃ) শুরু করেছিলেন এবং হযরত সোলায়মান (আঃ) তা শেষ করেন। তাঁর মৃত্যুর পুর্বে কিছু কাজ অবশিষ্ট ছিল। কাজটি অবাধ্যতা প্রবণ জিনদের দায়িত্বে ন্যস্ত ছিল। তারা হযরত সোলায়মান (আঃ) এর ভয়ে কাজ করত। তারা তাঁর মৃত্যু সংবাদ অবগত হতে পারলে তৎক্ষণাৎ কাজ ছেড়ে দিত। ফলে নির্মাণ অসমাপ্ত থেকে যেত। হযরত সোলায়মান (আঃ) আল্লাহর নির্দেশে এর ব্যবস্থা এই করলেন যে, মৃত্যু পূর্বক্ষণে তিনি মৃত্যুর জন্য প্রস্তুত হয়ে তার মেহরাবে প্রবেশ করলেন। মেহরাবটি স্বচ্ছ কাঁচের নির্মিত ছিল। বাইরে থেকে ভিতরের সব কিছু দেখা যেত, তিনি নিয়মানুযায়ী এবাদতের উদ্দেশ্যে লাঠিতে ভর দিয়ে দাঁড়িয়ে গেলেন যাতে আত্মা বের হয়ে যাওয়ার পরও দেহ লাঠির সাহায্যে স্বস্থানে অনড় থাকে। যথা সময়ে তার আত্মা দেহপিঞ্জর ছেড়ে গেল। কিন্তু লাঠির উপর ভর করে তাঁর দেহ অনড় থাকায় বাইরে থেকে মনে হত তিনি এবাদতে মশগুল রয়েছেন। কাছে গিয়ে দেখার সাধ্য জিনদের ছিল না। তারা জীবিত মনে করে দিনের পর দিন কাজ করতে লাগল। অবশেষে এক বছর অতিক্রান্ত হয়ে গেলে বাইতুল মোকাদ্দাসের নির্মাণ কাজও সমাপ্ত হয়ে গেল। হযরত সোলায়মান (আঃ)-এর লাঠিতে আল্লাহ তায়ালা উইপোকা লাগিয়ে দিয়েছিলেন। কোরআন পাকে একে ‘দাব্বাতুল আরদ ’ বলা হয়েছে। উইপোকা ভিতরে ভিতরে লাঠি খেয়ে ফেলল। লাঠির ভর খতম হয়ে গেলে সোলায়মান (আঃ) এর অসার দেহ মাটিতে পড়ে গেল। তখন জিনেরা জানতে পারল তার মৃত্যু হয়ে গেছে।\r\nহযরত ইবনে আব্বাস (রাঃ) থেকে আরও বর্ণীত আছে যে, মৃত্যুর পর হযরত সোলায়মান (আঃ) লাঠিতে ভর দিয়ে এক বছর দন্ডায়মান থাকেন। -[কুরতুবী] কতক রেওয়াতে আছে, জিনরা যখন জানতে পারল যে, হযরত সোলায়মান (আঃ) অনেক পুর্বেই মারা গেছেন কিন্তু তারা টের পাইনি। তখন তাঁর মৃত্যুর সময় কাল জানার জন্য একটি কাঠে উইপোকা ছেড়ে দিল। একদিন এক রাত্রে যতটুকু উইপোকা খেল সেটি হিসাব করে তারা আবিস্কার করল যে, হযরত সোলায়মান (আঃ)-এর লাঠি উইয়ে খেতে এক বছর সময় লেগেছে।', 'downloadd.jfif', 1, '2021-03-06 13:50:02', '2021-03-11 11:45:01'),
(19, 9, 1, 'মহানবী হজরত মুহাম্মদ (সা.)', 'একক ব্যক্তি হিসেবে সবচেয়ে বেশি জীবনীগ্রন্থ লেখা হয়েছে কার, এ–বিষয়ক কোনো জরিপ কখনো হয়েছে কি? হলে মহানবী হজরত মুহাম্মদ (সা.)–এর নাম ওপরেই থাকবে। গত দেড় হাজার বছরে দেশ–বর্ণ–ধর্মনির্বিশেষে অজস্র সাহিত্যিক, সমাজনেতা, শিক্ষাবিদ, সমরবিদ, গবেষক, রাষ্ট্রনায়ক, এমনকি তাঁর বিরুদ্ধবাদীরাও তাঁকে নিয়ে বিপুল প্রশস্তি বর্ণনা করেছেন। তাঁর প্রচারিত ধর্ম গ্রহণ না করেও তাঁকে মহামানবের স্বীকৃতি দিয়েছেন। বিশ্বের ঘোর দুর্দিনে তাঁর মতো নেতৃত্বের প্রয়োজনীয়তার কথা বলেছেন। একেবারে আটপৌরে জীবনীগ্রন্থ থেকে বিশেষায়িত গবেষণাগ্রন্থ লিখেছেন তাঁরা অসংখ্য। একটিই মানুষ, একটিই তাঁর জীবন, একটিই কাহিনি—সেই মক্কার কুরাইশ পরিবারে জন্ম, আল-আমিন উপাধি, সিরিয়ায় বাণিজ্য, হেরা পর্বতের ধ্যানমগ্নতা, মক্কার দাওয়াত, তায়েফের ক্ষত, মদিনায় হিজরত, বদরের যুদ্ধ, বায়তুল মুকাদ্দাস থেকে ঊর্ধ্বগমন, আবার মক্কায় ফেরা, বিদায় হজ। একই কথা বহুমুখে বহুজনে বহুশতাব্দী ধরে বাতাসে বাতাসে ফিরছে, তবু যেন অফুরান, যেন কিছু লেখা হলো আর অলিখিত রয়ে গেল ঢের, কিছু বলা হলো আর অনেক কিছুই হয়নি বলা।', 'Found-you-lost-and-guided-you.png', 1, '2021-03-06 13:51:54', '2021-03-11 11:59:47'),
(20, 7, NULL, 'কাবাশরীফ ধ্বংশের পরিকল্পনাকারী হস্তীবাহিনীর ঘটনা', 'আরবরা, বিশেষ করে কুরাইশ গোত্রের লোকেরা যখন আবরাহার এ কৃত্রিম কাবা সম্পর্কে জানতে পারল, চরম উত্তেজিত হয়ে উঠল। একজন তো ঘৃণাভরে উক্ত কাবায় গিয়ে মলত্যাগ করে। কারো কারো মতে, আরবের একজন লোক আগুন জ্বালিয়েছিল। এক সময় ঐ আগুনের একটি স্ফুলিঙ্গ বাতাসের সঙ্গে উড়ে গিয়ে পড়ল ঐ ভবনে। ‘আবরাহা’ এতে ক্রুদ্ধ হয়ে কাবা শরীফকে ঘূলিসাৎ করার শপথ করে। শপথ অনুযায়ী বিপুল সংখ্যক হাতি সংবলিত সৈন্যদল নিয়ে বাস্তবেই সে কাবা শরীফ ধ্বংস করার উদ্দেশ্য বের হয়। পথে আরবের যে গোত্র তার প্রতিরোধ করে, তাদের সাথে সে যুদ্ধে লিপ্ত হয় এবং তাদের কে পরাজিত করে। নবীজির দাদা আব্দুল মুত্তালিব ছিলেন তখন কুরইশ গোত্রের নেতা এবং কাবা শরীফের মুতাওয়াল্লী। তিনি এ সংবাদ জানতে পেরে বললেন- ‘লোক সকল! তোমরা নিজেদেরকে রক্ষা করার ব্যবস্থা কর। কাবার মালিক-ই কাবাকে রক্ষা করবেন।’ আবরাহা পথ পরিস্কার দেখে বিশ্বাস করে নিল যে, এখন আর কাবা ধ্বংস করা কঠিন কাজ নয়। কারণ, সেদিক থেকে মোকাবেলা করার কেউ নেই।\r\nআবরাহা যখন মক্কার নিকটবর্তী ‘মুহাস্সার’ উপত্যকার নিকট পৌঁছল, তখন সমুদ্রের দিকে থেকে হলূদ আর সবুজ রঙ্গের ক্ষুদ্র ক্ষুদ্র পখির ঝাঁক আসতে দেখল। প্রতিটি পাখির ঠোঁটে ও পাঞ্জায় ক্ষুদ্র ক্ষুদ্র কঙ্কর ছিল। ঐ পখিগুলো সৈন্যদের উপর কঙ্করের বৃষ্টি বর্ষণ করতে লাগল। আল্লাহর কঙ্করজাতীয় সেই পাথরগুলো বন্দুকের গুলির চেয়েও বেশি কাজ করল। যারই গায়ে লাগত, একদিক থেকে প্রবেশ করে অপর দিক থেকে বের হতো। শরীরে এক আশ্চর্য ধরণের বিষাক্ত উপাদান রেখে যেত। তাতে অনেক সৈন্য ঘটনাস্থলেই প্রাণ হারায়। আর যারা পলায়ন করে, তারা মহা কষ্ট ভোগ করে মৃত্যু মুখে পতিত হয়।হযরত ইবনে আব্বাস (রাঃ) থেকে আরও বর্ণীত আছে যে, মৃত্যুর পর হযরত সোলায়মান (আঃ) লাঠিতে ভর দিয়ে এক বছর দন্ডায়মান থাকেন। -[কুরতুবী] কতক রেওয়াতে আছে, জিনরা যখন জানতে পারল যে, হযরত সোলায়মান (আঃ) অনেক পুর্বেই মারা গেছেন কিন্তু তারা টের পাইনি। তখন তাঁর মৃত্যুর সময় কাল জানার জন্য একটি কাঠে উইপোকা ছেড়ে দিল। একদিন এক রাত্রে যতটুকু উইপোকা খেল সেটি হিসাব করে তারা আবিস্কার করল যে, হযরত সোলায়মান (আঃ)-এর লাঠি উইয়ে খেতে এক বছর সময় লেগেছে।', 'tumblr_pq71lbajxn1ul63vpo1_1280.jpg', 1, '2021-03-06 15:22:08', '2021-03-11 11:59:48'),
(21, 9, 3, 'ইসা (আঃ) এর জন্ম', '\r\n(হে রাসুল (সাঃ)) বর্ণনা কর এই কিতাবে উল্লেখিত মারইয়ামের কথা, যখন সে তার পরিবারবর্গ হতে পৃথক হয়ে নিরালায় পূর্ব দিকে এক স্থানে আশ্রয় নিলো। অতঃপর তাদের হতে নিজেকে আড়াল করবার জন্যে সে পর্দা করলো; অতঃপর আমি তার নিকট আমার রূহকে (জিবরাঈল (আঃ)) পাঠালাম, সে তার নিকট পূর্ণ মানবাকৃতিতে আত্মপ্রকাশ করলো।\r\nমারইয়াম বললোঃ তুমি যদি আল্লাহকে ভয় কর - তবে আমি তোমা হতে দয়াময়ের আশ্রয় নিচ্ছি। সে বললোঃ আমি তো শুধু তোমার প্রতিপালক প্রেরিত তোমাকে এক পবিত্র পুত্র দান করবার জন্য। মারইয়াম বললোঃ কেমন করে আমার পুত্র হবে! যখন আমাকে কোন পুরুষ স্পর্শ করে নাই ও আমি ব্যভিচারিণীও নই। সে বললোঃ এই রূপই হবে; তোমার প্রতিপালক বলেছেনঃ এটা আমার জন্য সহজসাধ্য এবং তাকে আমি এই জন্যে সৃষ্টি করবো, যেন সে হয় মানুষের জন্যে এক নিদর্শন ও আমার নিকট হতে এক অনুগ্রহ; এটা তো এক স্থিরীকৃত ব্যাপার।\r\nঅতঃপর সে গর্ভে সন্তান ধারন করলো ও তৎসহ এক দূরবর্তী স্থানে চলে গেলো। প্রসব বেদনা তাকে এক খেজুর বৃক্ষ তলে আসন নিতে বাধ্য করলো; সে বললোঃ হায়! এর পূর্বে আমি যদি মরে যেতাম ও লোকের স্মৃতি হতে সম্পূর্ণ বিলুপ্ত হতাম। ফেরেশতা তার নিম্ন পার্শ্ব হতে আহ্বান করে তাকে বললোঃ তুমি দুঃখ করো না, তোমার পাদদেশে তোমার প্রতিপালক এক নহর সৃষ্টি করেছেন। তুমি তোমার দিকে খেজুর গাছের কাণ্ড নাড়া দাও, ওটা তোমাকে সুপক্ক তাজা খেজুর দান করবে। সুতরাং আহার করো, পান করো ও চক্ষু জুড়িয়ে নাও; মানুষের মধ্যে কাউকেও যদি তুমি দেখো তখন বলোঃ আমি দয়াময়ের উদ্দেশ্যে মৌনতাবলম্বনের মানত করেছি; সুতরাং আজ আমি কিছুতেই কোন মানুষের সাথে বাক্যালাপ করবো না।\r\nঅতঃপর সে সন্তানকে নিয়ে তার সম্প্রদায়ের নিকট উপস্থিত হলো; তারা বললোঃ হে মারইয়ম (আঃ) তুমি তো এক অদ্ভূত কাণ্ড করে বসেছো! হে হারুন ভগ্নী, তোমার পিতা অসৎব্যক্তি ছিল না এবং তোমার মাতাও ছিল না ব্যভিচারিণী। অতঃপর মারইয়ম (আঃ) ইঙ্গিতে সন্তানকে দেখালো; তারা বললোঃ যে কোলের শিশু তার সাথে আমরা কেমন করে কথা বলবো?\r\nশিশুটি বললোঃ আমি তো আল্লাহর দাস; তিনি আমাকে কিতাব দিয়েছেন, আমাকে নবী করেছেন। যেখানেই আমি থাকি না কেন, তিনি আমাকে বরকতময় করেছেন, তিনি আমাকে নির্দেশ দিয়েছেন যত দিন জীবিত থাকি, তত দিন নামাজ ও যাকাত আদায় করতে। আর আমার মাতার প্রতি অনুগত থাকতে এবং তিনি আমাকে করেন নাই উদ্ধত (অহংকারী) ও হতভাগ্য। আমার প্রতি ছিল শান্তি, যেদিন আমি জন্ম লাভ করেছি ও শান্তি থাকবে যেদিন আমার মৃত্যু হবে ও যেদিন আমি জীবিত অবস্থায় পুনরুত্থিত হবো।\r\nএই মারইয়ম তনয় ঈসা (আঃ); আমি বললাম সত্য কথা, যে বিষয়ে তারা বিতর্ক করে। সন্তান গ্রহণ করা আল্লাহর কাজ নয়, তিনি পবিত্র, মহিমাময়; তিনি যখন কিছু স্থির করেন তখন বলেনঃ \'হও\' এবং তা হয়ে যায়। আল্লাহই আমার প্রতিপালক এবং তোমাদের প্রতিপালক, সুতরাং তাঁর ইবাদত করো, এটাই সরল পথ।\r\nসুরা মারইয়াম: আয়াত ১৬-৩৬\r\n', 'images.jfif', 1, '2021-03-06 15:40:46', '2021-03-11 11:59:48'),
(22, 11, NULL, 'ওমর ইবনে আবদুল আজিজ  রহ.-এর  কবরে হামলা', '\r\nইসলাম টাইমস ডেস্ক: ইসলামের ইতিহাসে মহান খলিফা হযরত ওমর ইবনে আব্দুল আজিজ রহ.  ও তাঁর স্ত্রী ফাতেমা বিনতে আবদুল মালেকের   কবরে ইরানের শিয়াদের মদদপুষ্ট সিরিয়ার আসাদবাহিনীর হামলা ও অবমাননার ঘটনা ঘটেছে। এ ঘটনায় শিয়াদের ‍সাহাবা তাবেয়ীদের প্রতি বিদ্বেষের চরিত্রটি আবার সামনে চলে এসেছে।  বস্তুত সাহাবা-তাবেয়ীদের প্রতি বিদ্বেষ থেকেই শিয়া মতবাদের সূচনা।\r\nইমাম শাবী রহ. বলেছেন, যদি ইহুদিকে জিজ্ঞাসা করা হয়, তোমাদের মধ্যে সবচেয়ে উত্তম লোক কারা? তারা বলবে, হযরত মূসা আ. এর সঙ্গীরা। যদি খৃস্টানদেরকে জিজ্ঞাসা করা হয়, তোমাদের মধ্যে সর্বোত্তম কারা? তারা বলবে, আমাদের মধ্যে উত্তম, ঈসা আ. এর হাওয়ারীগণ। পক্ষান্তরে যদি শিয়াদেরকে জিজ্ঞাসা করা হয়, মুহাম্মদ সল্লাল্লাহু আলাইহি ওয়া সাল্লামের উম্মতের মধ্যে সবচেয়ে নিকৃষ্ট কারা? তারা এক কথায় বলে ওঠবে,  সাহাবারা।', 'islamic-quotes-6.jpg', 1, '2021-03-06 16:02:12', '2021-03-11 11:59:48'),
(23, 10, 6, 'হযরত আবু বকর (রা:) ', '\r\nআবদুল্লাহ নাম, সিদ্দীক ও আতীক উপাধি, ডাকনাম বা কুনিয়াত আবু বকর।\r\nপিতার নাম ’উসমান, কুনিয়াত আবু কুহাফা। মাতার নাম সালমা এবং কুনিয়াত উম্মুল খায়ের।\r\nকুরাইশ বংশের উপর দিকে ষষ্ঠ পুরুষ ‘মুররা’ তে গিয়ে রাসূলুল্লাহর সা. নসবের সাথে তাঁর নসব মিলিত হয়েছে।\r\nরাসূলুল্লাহর জন্মের দু’বছরের কিছু বেশী সময় পর তিনি জন্মগ্রহণ করেন এবং অনুরূপ সময়ের ব্যবধানে তাঁরা উভয়ে ইনতিকাল করেন। তাই মৃত্যুকালে তাঁর বয়স হয়েছিল রাসূলুল্লাহর সা. বয়সের সমান।\r\nতিনি ছিলেন উজ্জ্বল গৌরবর্ণ, পাতলা ছিপছিপে ও প্রশস্ত ললাট বিশিষ্ট। শেষ বয়সে চুল সাদা হয়ে গিয়েছিল।\r\nমেহেন্দীর খিজাব লাগাতেন। অত্যন্ত দয়ালু ও সহনশীল ছিলেন।\r\nতিনি ছিলেন সম্মানিত কুরাইশ ব্যক্তিবর্গের অন্যতম।\r\nজ্ঞান, মেধা, অভিজ্ঞতা, বুদ্ধি, বিচক্ষণতা ও সচ্চরিত্রতার জন্য আপামর মক্কাবাসীর শ্রদ্ধার পাত্র ছিলেন। জাহিলী যুগে মক্কাবাসীদের দিয়াত বা রক্তের ক্ষতিপূরণের সমুদয় অর্থ তাঁর কাছে জমা হতো।\r\nআরববাসীর নসব বা বংশ সংক্রান্ত জ্ঞানে তিনি ছিলেন সর্বশ্রেষ্ঠ বিশেষজ্ঞ। কাব্য প্রতিভাও ছিল। অত্যন্ত বিশুদ্ধ ও প্রাঞ্জল-ভাষী ছিলেন। বক্তৃতা ও বাগ্মিতার খোদাপ্রদত্ত যোগ্যতার অধিকারী ছিলেন।\r\nতিনি ছিলেন তাঁর গোত্রের অত্যন্ত জনপ্রিয়, বন্ধুবৎসল ও অমায়িক ব্যক্তি।\r\nতিনি ছিলেন ব্যবসায়ী, দানশীল ও চরিত্রবান। জাহিলী যুগেও কখনো শরাব পান করেননি।\r\nতাঁর অমায়িক মেলামেশা, পাণ্ডিত্য ও ব্যাবসায়িক দক্ষতার কারণে অনেকেই তাঁর সাথে বন্ধুত্ব ও সখ্যতা স্থাপন করতো।\r\nতাঁর বাড়ীতে প্রতিদিন মক্কার বিশিষ্ট ব্যক্তিদের নিয়মিত বৈঠক বসতো।\r\nহযরত আবু বকরের পিতা আবু কুহাফা কুরাইশদের মধ্যে যথেষ্ট মর্যাদাবান ব্যক্তি ছিলেন।\r\nতিনি ছিলেন বয়োঃবৃদ্ধ ও সচ্ছল। তাঁর গৃহ কেবল ব্যবসা বাণিজ্যের জন্য প্রসিদ্ধ ছিল না, সামাজিক কর্মকাণ্ডেও তাঁর মতামত\r\nঅত্যন্ত শ্রদ্ধার সাথে গ্রহণ করা হতো। মক্কা বিজয় পর্যন্ত ইসলামের প্রতি তিনি আকৃষ্ট না হলেও\r\nপুত্র আবু বকরকে ইসলাম থেকে ফিরিয়ে রাখার চেষ্টা করেছেন- এমন কোন প্রমাণ ইতিহাসে পাওয়া যায় না। অবশ্য হযরত আলীকে রা. তিনি দেখলে মাঝে মধ্যে বলতেনঃ ‘এই ছোকরারাই আমার ছেলেটিকে বিগড়ে দিয়েছে।’\r\nমক্কা বিজয়ের দিন রাসূলুল্লাহর সা. খিদমতে হাজির হয়ে ইসলামের ঘোষণা দেন। হিজরী ১৪ সনে প্রায় এক শ’ বছর বয়সে ইনতিকাল করেন। শেষ বয়সে দৃষ্টিশক্তি হারিয়ে ফেলেছিলেন।', 'images.jfif', 1, '2021-03-07 11:32:52', '2021-03-11 11:59:48'),
(24, 10, 7, 'উমার ইবনুল খাত্তাব (রাঃ)', '\r\nরাসূল (সঃ) এর বিশিষ্ট সাহাবী, ইসলামের দ্বিতীয় খলিফা, খুলাফাই রাশিদুন এর অন্যতম, ইসলামী রাষ্ট্রের অন্যতম প্রধান রূপকার ।\r\nইসলাম ধর্ম গ্রহন\r\nহযরত (সঃ) এর নবুওয়াতের প্রথম পর্যায়ে উমার (রাঃ) ছিলেন ঘোর ইসলাম বিরোধী । মক্কার নবদীক্ষিত মুসলিমদের উপর তিনি নির্যাতন চালাইতেন । তিনি ইসলামী আন্দোলনের বিরোধিতা করিতেছিলেন বটে, কিন্তু পরোক্ষে ইসলামের প্রভাবে তাহার শুভবুদ্ধি ক্রমশ জাগরিত হইতেছিল । রাসূল (সঃ) এর অজ্ঞাতসারে একদা তাহার মুখে কুরানের আবৃত্তি শুনিয়া তাহার মনে ভাবান্তর ঘটার বর্ননা পাওয়া যায় । একদিন ভগিনী ও ভগ্নীপতিকে ইসলামে গ্রহণের জন্য নির্দয়ভাবে শাসন করিতে গিয়া নিজেই তিনি ইসলামের প্রতি আকৃষ্ট হইয়া পড়েন এবং রাসূল (সঃ) এর নিকট উপস্থিত হইয়া ইসলাম গ্রহণ করেন । ইসলাম গ্রহণের ফলে তাহার জীবনের আমূল পরিবর্তন হয় । পরবর্তীকালে তিনি ইসলামের সেবার অক্ষয় কীর্তি রাখিয়া যান ।', 'imagestt.jfif', 1, '2021-03-07 11:35:07', '2021-03-11 12:01:36'),
(25, 10, 8, 'হযরত উসমান (রা) ', '\r\nউসমান ইব্‌ন আফফান (রাঃ) ইসলামের তৃতীয় খলিফা । তিনি মক্কার বিখ্যাত বানু উমায়্যা গোত্রে জন্মগ্রহণ করেন । তিনি এই বংশের আবুল আসীর পৌত্র ছিলেন । রাসূল (সঃ) এর নবুওয়ত লাভের প্রথম দিকেই হিজরাতের বেশ পূর্বে তিনি ইসলাম গ্রহণ করেন । উমায়্যাগন অনেক পরে ইসলাম গ্রহণ করিলেও ব্যক্তিগতভাবে হযরত উসমান (রাঃ) এই সৎ সাহসের জন্য প্রসিদ্ধি লাভ করেন । তিনি একজন ধনী ব্যবসায়ী ( সেহেতু তাহকে উসমান গনী বলা হইত) এবং সামাজিক খ্যাতি ও যোগ্যতাসম্পন্ন ব্যক্তি ছিলেন । তিনি সৌন্দর্য ও শালীনতার প্রতীক ছিলেন । রাসূল (সঃ) এর কন্যা রুকায়ার সহিত তাঁহার বিবাহ ইসলাম গ্রহণের পর সঙ্ঘটিত হয় এবং তিনি বিবাহের পর পত্নীসহ আবিসিনিয়ায় হিজরত করেন (শিবলী, সীরাতুন্নাবী ২খ, ৪২৬) । হযরত উসমান (রাঃ) আবিসিনিয়াতে মুসলিমগণের দুইটি হিজরাতেই অংশগ্রহণ করেন । তৎপর মদিনায় মুহাজিরগণের সহিত মিলিত হন। তাঁহার স্ত্রী পিড়িটা থাকায় তিনি বাঁদরের যুদ্ধে যোগদান করিতে পারেন নাই । হযরত রুকায়্যার (রাঃ) মৃত্যুর পর রাসূল (সঃ) হযরত উসমান (রাঃ) এর সহিত তাঁহার অপর এক কন্যা উম্মু কুলছুমের বিবাহ দেন । এই কারণে তাহাকে যুন-নুরাইন (দুই জ্যোতির অধিকারী) বলা হইত ।', 'download.jfif', 1, '2021-03-07 11:35:07', '2021-03-11 11:59:48'),
(26, 10, 9, 'হযরত আলী (রা:) ', '\r\nহযরত আলী (রাঃ) হযরত মুহাম্মাদ (সঃ) এর চাচাত ভাই ও জামাতা এবং চতুর্থ খলীফা । তাঁহার পিতা আবু তালিব ছিলেন আব্দুল মুত্তালিব ইবন হাশিমের পুত্র । আলী (রাঃ) এর ডাক নাম আবু তুরাব, হযরত মুহাম্মাদ (সঃ) এর নিকট হইতে প্রাপ্ত । তিনি হযরত (সঃ) এর কন্যা ফাতিমা (রাঃ) কে বিবাহ করেন । তাঁহার মাতার নাম ফাতেমা বিনতে আসাদ ইবন হাশিম । ইসলাম গ্রহণের সময় তাঁহার বয়স কত ছিল তাহা সঠিকরূপে নির্ধারন করা যায় না ।\r\nহযরত খাদীজা (রাঃ) এর পরে তিনি প্রথম মুসলিম; আবুযার, আল মিকদাদ, আবু সাইদ আল খুদরী (রাঃ) প্রমুখের মতে বুরায়দা ইবনিল হুসায়ব (রাঃ) অথবা তিনি দ্বিতীয় মুসলিম । হযরত (সঃ) যে দশজনকে জান্নাতে প্রবেশ লাভ করিবেন বলিয়া স্পষ্টভাবে সুসংবাদ প্রদান করেন, তিনি তাহাদের অন্যতম । উমার (রাঃ) কর্তৃক তাঁহার মৃত্যুশয্যায় মনোনীত ছয়জন নির্বাচকেরও তিনি ছিলেন অন্যতম ।', 'islamic-quotes-6.jpg', 1, '2021-03-07 11:35:07', '2021-03-11 11:59:48'),
(27, 10, 7, 'ওমর (রাঃ) জনসাধারণের অবস্থা জানার জন্য রাত্রিতে ঘুরে বেড়াতেন।', 'ওমর (রাঃ) জনসাধারণের সঠিক অবস্থা জানার জন্য রাত্রিতে ঘুরে বেড়াতেন। এক রাতে একটি ছোট্ট কুটিরের সামনে এলে তিনি বাড়ীর ভিতরের কথাবার্তা শুনতে পেলেন। মা মেয়েকে আদেশ করছেন, ‘দুধের সাথে পানি মিশাও। ভোর হয়ে এল’। মেয়েটি উত্তর দিল, ‘না মা, ওমর (রাঃ) দুধে পানি মিশাতে নিষেধ করেছেন। তিনি জানতে পারলে শাস্তি দিবেন’।  \r\nমা বললেন, ‘ওমর দেখতে পেলে তো’? মেয়ে বলল, ‘আমি প্রকাশ্যে তাঁর আনুগত্য করব, আর গোপনে তাঁর অবাধ্যতা করব? আল্লাহর কসম! এটা আমার পক্ষে মোটেই সম্ভব নয়। অন্য বর্ণনায় এসেছে, সে বলল, ওমর (রাঃ) হয়ত আমাদেরকে দেখছেন না, কিন্তু তাঁর প্রভু তো আমাদেরকে দেখছেন! গোপনে সব শুনে ওমর (রাঃ) বাড়ীটি চিহ্নিত করে ফিরে এলেন। পরে তার ছেলে আছেমের সাথে ঐ মেয়ের বিবাহ দিলেন। তার গর্ভে দু’টি কন্যাসন্তান জন্মগ্রহণ করল, যাদের একজনের গর্ভে ওমর বিন আব্দুল আযীয (রহঃ)-এর জন্ম হয়েছিল (তারীখু মাদীনাতি দিমাশক ৭০/২৫৩) ।  \r\nশিক্ষা :\r\n পাত্র-পাত্রী নির্বাচনের ক্ষেত্রে অন্যান্য সকল গুণের উপর দ্বীনদারী ও আল্লাহভীরুতাকে প্রাধান্য দিতে হবে।', 'images.jfif', 1, '2021-03-11 12:05:33', '2021-03-11 12:05:33'),
(28, 12, NULL, 'বসরা শহরের ', 'বসরা শহরের এক গৃহস্থের দুই পুত্র ছিল। বড়জনের নাম হাতেম ও ছোটজনের নাম কাযেম। একবার ব্যবসায় তারা কিছু বাড়তি অর্থ লাভ করল এবং মনে করল বিদেশে সফরে যাবে। দিন তারিখ দেখে তারা দু’ভাই এক সাথে বেরিয়ে পড়ল। তিনদিন সফরের পর তারা এক মুসাফির খানায় আশ্রয় নিল। সেখানে রাত কাটিয়ে পরদিন সকালে আবার যাত্রা শুরু করল।  \r\nকিছু দূর যেতেই তারা নদীতে একটি পুটলী ভেসে যেতে দেখে উপরে তুলল। খুলে দেখে তারা অবাক হয়ে গেল। পুটলীতে এক হাযার সোনার মোহর ও দু’টি হীরকখন্ড পেয়ে তারা আল্লাহ্র প্রশংসা করল। স্বর্ণমুদ্রা ও হীরকখন্ড নিজেরা সমানভাবে ভাগ করে নিল। এরপর আবার চলতে শুরু করল। কিন্তু সঙ্গে এত অর্থ ও মূল্যবান হীরক নিয়ে চলা তারা নিরাপদ মনে করল না। তাই দু’জনে পরামর্শ করে সিদ্ধান্ত নিল যে, ছোট ভাই এগুলোকে নিয়ে বাড়ি ফিরে যাবে। আর বড় ভাই কিসরা নগরে যাবে। হাতেম বলল, এগুলি নিয়ে তুমি বাড়ি গিয়ে তোমার ভাবীর হাতে দিবে। ছোট ভাই কাযেম বাড়ি গিয়ে ভাইয়ের দেওয়া স্বর্ণমুদ্রাগুলি ভাবীর কাছে দিল। কিন্তু হীরকখন্ড না দিয়ে নিজের কাছে রেখে দিল। এ সম্পর্কে হাতেমের স্ত্রী কিছুই জানতে পারল না।', 'islamic-quotes-6.jpg', 1, '2021-03-13 16:30:53', '2021-03-13 16:30:53');

-- --------------------------------------------------------

--
-- Table structure for table `mypoemcata`
--

CREATE TABLE `mypoemcata` (
  `id` int(11) NOT NULL,
  `sub` int(11) NOT NULL,
  `name` varchar(100) NOT NULL,
  `status` varchar(10) DEFAULT '2',
  `created` timestamp NOT NULL DEFAULT current_timestamp(),
  `updated` timestamp NOT NULL DEFAULT current_timestamp() ON UPDATE current_timestamp()
) ENGINE=InnoDB DEFAULT CHARSET=utf8mb4;

--
-- Dumping data for table `mypoemcata`
--

INSERT INTO `mypoemcata` (`id`, `sub`, `name`, `status`, `created`, `updated`) VALUES
(1, 0, 'Islamic', '2', '2021-02-19 13:17:18', '2021-02-22 11:31:26'),
(2, 0, 'Natural', '2', '2021-02-19 13:17:18', '2021-02-22 11:31:38'),
(3, 0, 'Happiness', '2', '2021-02-19 13:17:18', '2021-02-22 11:31:48'),
(4, 0, 'Sadness', '2', '2021-02-19 13:17:18', '2021-02-22 11:31:57'),
(5, 0, 'Others', '2', '2021-02-19 13:17:18', '2021-02-22 11:32:07'),
(6, 0, 'Memory', '2', '2021-02-22 02:10:15', '2021-02-22 11:32:18'),
(7, 0, 'কুরআনের গল্প', '1', '2021-02-22 10:33:59', '2021-02-24 18:10:49'),
(8, 0, 'মহানবী মুহাম্মদ সাঃ', '1', '2021-02-22 10:34:32', '2021-02-22 10:34:32'),
(9, 1, 'নবীদের গল্প', '1', '2021-02-22 10:35:25', '2021-03-05 18:25:32'),
(10, 0, 'সাহাবীদের গল্প\r\n', '1', '2021-02-22 10:36:03', '2021-02-22 10:36:03'),
(11, 0, 'তবীয়েদের গল্প\r\n', '1', '2021-02-22 10:40:39', '2021-02-22 10:40:39'),
(12, 0, 'মনীষীদের গল্প\r\n', '1', '2021-02-22 10:40:39', '2021-03-13 16:31:33');

-- --------------------------------------------------------

--
-- Table structure for table `poetcata`
--

CREATE TABLE `poetcata` (
  `id` int(11) NOT NULL,
  `name` varchar(100) NOT NULL,
  `created` timestamp NOT NULL DEFAULT current_timestamp(),
  `updated` timestamp NOT NULL DEFAULT current_timestamp() ON UPDATE current_timestamp()
) ENGINE=InnoDB DEFAULT CHARSET=utf8mb4;

--
-- Dumping data for table `poetcata`
--

INSERT INTO `poetcata` (`id`, `name`, `created`, `updated`) VALUES
(1, 'কাজী নজরুল ইসলাম', '2021-02-21 04:14:31', '2021-02-21 04:14:31'),
(2, 'কায়কোবাদ', '2021-02-21 04:14:31', '2021-02-21 04:14:31'),
(3, ' গোলাম মোস্তফা', '2021-02-21 12:53:32', '2021-02-21 12:53:32'),
(4, 'সুফিয়া কামাল', '2021-02-22 01:49:26', '2021-02-22 01:49:26'),
(5, 'জসীম উদ্‌দীন', '2021-02-22 02:00:43', '2021-02-22 02:00:43'),
(6, 'আল মাহমুদ', '2021-02-22 02:19:56', '2021-02-22 02:19:56'),
(7, 'ফররুখ আহমদ', '2021-02-27 05:24:13', '2021-02-27 05:24:13'),
(8, 'আহসান হাবীব', '2021-02-27 05:42:04', '2021-02-27 05:42:04'),
(9, 'কায়কোবাদ\r\n', '2021-02-27 05:48:10', '2021-02-27 05:48:10'),
(10, 'রবীন্দ্রনাথ ঠাকুর', '2021-02-27 06:02:17', '2021-02-27 06:02:17'),
(11, 'জীবনানন্দ দাশ', '2021-03-13 16:35:04', '2021-03-13 16:35:04'),
(12, 'আবিদ আনোয়ার', '2021-03-13 16:35:04', '2021-03-13 16:35:04'),
(13, ' কামিনী রায়', '2021-03-13 16:39:36', '2021-03-13 16:39:36'),
(14, 'সুকান্ত ভট্টাচার্য', '2021-03-13 16:50:42', '2021-03-13 16:50:42');

-- --------------------------------------------------------

--
-- Table structure for table `poetpoem`
--

CREATE TABLE `poetpoem` (
  `id` int(11) NOT NULL,
  `pcid` int(10) NOT NULL,
  `title` varchar(200) NOT NULL,
  `details` varchar(1500) NOT NULL,
  `image` varchar(255) DEFAULT NULL,
  `created` timestamp NOT NULL DEFAULT current_timestamp(),
  `updated` timestamp NOT NULL DEFAULT current_timestamp() ON UPDATE current_timestamp()
) ENGINE=InnoDB DEFAULT CHARSET=utf8mb4;

--
-- Dumping data for table `poetpoem`
--

INSERT INTO `poetpoem` (`id`, `pcid`, `title`, `details`, `image`, `created`, `updated`) VALUES
(1, 1, 'মুনাজাত', 'আমারে সকল ক্ষুদ্রতা হতে\r\nবাঁচাও প্রভু উদার।\r\nহে প্রভু! শেখাও – নীচতার চেয়ে\r\nনীচ পাপ নাহি আর।\r\n\r\nযদি শতেক জন্ম পাপে হই পাপী,\r\nযুগ-যুগান্ত নরকেও যাপি,\r\nজানি জানি প্রভু, তারও আছে ক্ষমা-\r\nক্ষমা নাহি নীচতার।।\r\n\r\nক্ষুদ্র করো না হে প্রভু আমার\r\nহৃদয়ের পরিসর,\r\nযেন সম ঠাঁই পায়\r\nশত্রু-মিত্র-পর।\r\n\r\n     নিন্দা না করি ঈর্ষায় কারো\r\nঅন্যের সুখে সুখ পাই আরো,\r\nকাঁদি তারি তরে অশেষ দুঃখী\r\nক্ষুদ্র আত্মা তার।।', '00131.jpg', '2021-02-21 11:37:22', '2021-02-21 11:37:22'),
(2, 1, 'লিচু চোর', 'বাবুদের তাল-পুকুরে\r\nহাবুদের ডাল-কুকুরে\r\nসে কি বাস করলে তাড়া,\r\nবলি থাম একটু দাড়া।\r\n\r\nপুকুরের ঐ কাছে না\r\nলিচুর এক গাছ আছে না\r\nহোথা না আস্তে গিয়ে\r\nয়্যাব্বড় কাস্তে নিয়ে\r\nগাছে গো যেই চড়েছি\r\nছোট এক ডাল ধরেছি,\r\n\r\nও বাবা মড়াত করে\r\nপড়েছি সরাত জোরে।\r\nপড়বি পড় মালীর ঘাড়েই,\r\nসে ছিল গাছের আড়েই।\r\nব্যাটা ভাই বড় নচ্ছার,\r\nধুমাধুম গোটা দুচ্চার\r\nদিলে খুব কিল ও ঘুষি\r\nএকদম জোরসে ঠুসি।\r\n\r\nআমিও বাগিয়ে থাপড়\r\nদে হাওয়া চাপিয়ে কাপড়\r\nলাফিয়ে ডিঙনু দেয়াল,\r\nদেখি এক ভিটরে শেয়াল!\r\nও বাবা শেয়াল কোথা\r\nভেলোটা দাড়িয়ে হোথা\r\nদেখে যেই আঁতকে ওঠা\r\nকুকুরও জাড়লে ছোটা!\r\nআমি কই কম্ম কাবার\r\nকুকুরেই করবে সাবাড়!\r\n\r\n‘বাবা গো মা গো’ বলে\r\nপাঁচিলের ফোঁকল গলে\r\nঢুকি গিয়ে বোসদের ঘরে,\r\nযেন প্রাণ আসলো ধড়ে!\r\n\r\nযাব ফের? কান মলি ভাই,\r\nচুরিতে আর যদি যাই!\r\nতবে মোর নামই মিছা!\r\nকুকুরের চামড়া খিঁচা\r\nসেকি ভাই যায় রে ভুলা-\r\nমালীর ঐ পিটুনিগুলা!\r\nকি বলিস ফের হপ্তা!\r\nতৌবা-নাক খপ্তা…!\r\n\r\nছড়িয়ে দিন ইচ্ছেমত', 'download (3).jfif', '2021-02-21 11:47:34', '2021-02-21 11:47:34'),
(3, 3, 'প্রার্থনা', 'অনন্ত অসীম প্রেমময় তুমি\r\nবিচার দিনের স্বামী।\r\nযত গুণগান হে চির মহান\r\nতোমারি অন্তর্যামী।\r\n\r\nদ্যুলোক-ভূলোক সবারে ছাড়িয়া\r\nতোমারি চরণে পড়ি লুটাইয়া\r\nতোমারি সকাশে যাচি হে শকতি\r\nতোমারি করুণাকামী।\r\n\r\nসরল সঠিক পূণ্য পন্থা\r\nমোদের দাও গো বলি,\r\nচালাও সে-পথে যে-পথে তোমার\r\nপ্রিয়জন গেছে চলি।\r\n\r\nযে-পথে তোমার চির-অভিশাপ\r\nযে-পথে ভ্রান্তি, চির-পরিতাপ\r\nহে মহাচালক,মোদের কখনও\r\nকরো না সে পথগামী।', 'Prarthona.jpg', '2021-02-21 12:55:40', '2021-02-21 12:55:40'),
(4, 4, 'তাহারেই পড়ে মনে', '“হে কবি! নীরব কেন-ফাল্গুন যে এসেছে ধরায়,\r\nবসন্তে বরিয়া তুমি লবে না কি তব বন্দনায়?”\r\nকহিল সে স্নিগ্ধ আঁখি তুলি-\r\n“দখিন দুয়ার গেছে খুলি?\r\nবাতাবী নেবুর ফুল ফুটেছে কি? ফুটেছে কি আমের মুকুল?\r\nদখিনা সমীর তার গন্ধে গন্ধে হয়েছে কি অধীর আকুল?”\r\n\r\n“এখনো দেখনি তুমি?” কহিলাম “কেন কবি আজ\r\nএমন উন্মনা তুমি? কোথা তব নব পুষ্পসাজ?”\r\nকহিল সে সুদূরে চাহিয়া-\r\n“অলখের পাথার বাহিয়া\r\nতরী তার এসেছে কি? বেজেছে কি আগমনী গান?\r\nডেকেছে কি সে আমারে? -শুনি নাই,রাখিনি সন্ধান।”\r\n\r\nকহিলাম “ওগো কবি, রচিয়া লহ না আজও গীতি,\r\nবসন্ত-বন্দনা তব কণ্ঠে শুনি-এ মোর মিনতি।”\r\nকহিল সে মৃদু মধুস্বরে-\r\n“নাই হ’ল, না হোক এবারে-\r\nআমার গাহিতে গান! বসন্তরে আনিতে ধরিয়া-\r\nরহেনি,সে ভুলেনি তো, এসেছে তো ফাল্গুন স্মরিয়া।”\r\n\r\nকহিলাম “ওগো কবি, অভিমান করেছ কি তাই?\r\nযদিও এসেছে তবু তুমি তারে করিলে বৃথাই।”\r\nকহিল সে পরম হেলায়-\r\n“বৃথা কেন? ফাগুন বেলায়\r\nফুল কি ফোটে নি শাখে? পুষ্পারতি লভে নি কি ঋতুর রাজন?\r\nমাধবী কুঁড়ির বুকে গন্ধ নাহি? করে নি সে অর্ঘ্য বিরচন?”\r\n\r\n“হোক, তবু বসন্তের প্রতি কেন এই তব তীব্র বিমুখতা?”\r\nকহিলাম “উপেক্ষায় ঋতুরাজে কেন কবি দাও তুমি ব্যথা?”\r\nকহিল সে কাছে সরি আসি-\r\n“কুহেলী উত্তরী তলে মাঘের সন্ন্যাসী-\r\nগিয়াছে চলিয়া ধীরে পুষ্পশূন্য দিগন্তের পথে\r\nরিক্ত হস্তে। তাহারেই পড়ে মনে, ভুলিতে পারি না কোন মতে।”', 'images (1).jfif', '2021-02-22 01:57:36', '2021-02-22 01:57:36'),
(5, 1, 'কুলি মজুর ', 'দেখিনু সেদিন রেলে,\r\n\r\nকুলি ব’লে এক বাবু সা’ব তারে ঠেলে দিলে নীচে ফেলে!\r\nচোখ ফেটে এল জল,\r\nএমনি ক’রে কি জগৎ জুড়িয়া মার খাবে দুর্বল?\r\nযে দধীচিদের হাড় দিয়ে ঐ বাষ্প-শকট চলে,\r\nবাবু সা’ব এসে চড়িল তাহাতে, কুলিরা পড়িল তলে।\r\nবেতন দিয়াছ?-চুপ রও যত মিথ্যাবাদীর দল!\r\nকত পাই দিয়ে কুলিদের তুই কত ক্রোর পেলি বল্‌?\r\nরাজপথে তব চলিছে মোটর, সাগরে জাহাজ চলে,\r\nরেলপথে চলে বাষ্প-শকট, দেশ ছেয়ে গেল কলে,\r\nবল ত এসব কাহাদের দান! তোমার অট্টালিকা\r\nকার খুনে রাঙা?-ঠুলি খুলে দেখ, প্রতি হঁটে আছে লিখা।\r\nতুমি জান না ক’, কিন- পথের প্রতি ধূলিকণা জানে,\r\nঐ পথ, ঐ জাহাজ, শকট, অট্টালিকার মানে!\r\n\r\nআসিতেছে শুভদিন,\r\nদিনে দিনে বহু বাড়িয়াছে দেনা শুধিতে হইবে ঋণ!\r\nহাতুড়ি শাবল গাঁইতি চালায়ে ভাঙিল যারা পাহাড়,\r\nপাহাড়-কাটা সে পথের দু’পাশে পড়িয়া যাদের হাড়,\r\nতোমারে সেবিতে হইল যাহারা মজুর, মুটে ও কুলি,\r\nতোমারে বহিতে যারা পবিত্র অঙ্গে লাগাল ধূলি;\r\nতারাই মানুষ, তারাই দেবতা, গাহি তাহাদেরি গান,\r\nতাদেরি ব্যথিত বক্ষে পা ফেলে আসে নব উত্থান!\r\nতুমি শুয়ে র’বে তেতালার পরে আমরা রহিব নীচে,\r\nঅথচ তোমারে দেবতা বলিব, সে ভরসা আজ মিছে!\r\nসিক্ত যাদের সারা দেহ-মন মাটির মমতা-রসে\r\nএই ধরণীর তরণীর হাল রবে তাহাদেরি বশে!\r\nতারি পদরজ অঞ্জলি করি’ মাথায় লইব তুলি’,\r\nসকলের সাথে পথে চলি’ যার পায়ে লাগিয়াছে ধূলি!\r\nআজ নিখিলের বেদনা -আর্ত পীড়িতের মাখি’ খুন,\r\nলালে লাল হ’য়ে উদিছে নবীন প্রভাতের নবারুণ!\r\nআজ হৃদয়ের জমা-ধরা যত কবাট ভাঙিয়া দাও,\r\nরং-করা ঐ চামড়ার যত আবরণ খুলে নাও!\r\nআকাশের আজ যত বায়ু আছে হইয়া জমাট নীল,\r\nমাতামাতি ক’রে ঢুকুক্‌ এ বুকে, খুলে দাও যত খিল!\r\nসকল আকাশ ভাঙিয়া পড়-ক আমাদের এই ঘরে,\r\nমোদের মাথায় চন্দ্র সূর্য তারারা পড়-ক ঝ’রে।\r\nসকল কালের সকল দেশের সকল মানুষ আসি’\r\n', 'kobikolpolota.in-kuli-mojur-27-12.58.23.jpg', '2021-02-21 11:47:34', '2021-02-21 11:47:34'),
(7, 1, 'বিদ্রোহী', 'বল বীর –\r\nবল উন্নত মম শির!\r\nশির     নেহারি আমারি, নত-শির ওই শিখর হিমাদ্রীর!\r\nবল বীর –\r\nবল     মহাবিশ্বের মহাকাশ ফাড়ি’\r\nচন্দ্র সূর্য্য গ্রহ তারা ছাড়ি’\r\nভূলোক দ্যুলোক গোলক ভেদিয়া,\r\nখোদার আসন ‘আরশ’ ছেদিয়া\r\nউঠিয়াছি চির-বিস্ময় আমি বিশ্ব-বিধাত্রীর!\r\nমম     ললাটে রুদ্র-ভগবান জ্বলে রাজ-রাজটীকা দীপ্ত জয়শ্রীর!\r\nবল বীর –\r\nআমি চির-উন্নত শির!\r\n\r\nআমি     চিরদুর্দ্দম, দুর্বিনীত, নৃশংস,\r\nমহা-     প্রলয়ের আমি নটরাজ, আমি সাইক্লোন, আমি ধ্বংস,\r\nআমি     মহাভয়, আমি অভিশাপ পৃথ্বীর!\r\nআমি দুর্ব্বার,\r\nআমি     ভেঙে করি সব চুরমার!\r\nআমি     অনিয়ম উচ্ছৃঙ্খল,\r\nআমি     দ’লে যাই যত বন্ধন, যত নিয়ম কানুন শৃংখল!\r\nআমি     মানি নাকো কোনো আইন,\r\nআমি     ভরা-তরী করি ভরা-ডুবি, আমি টর্পেডো, আমি ভীম,\r\nভাসমান মাইন!\r\nআমি     ধূর্জ্জটী, আমি এলোকেশে ঝড় অকাল-বৈশাখীর!\r\nআমি     বিদ্রোহী আমি বিদ্রোহী-সূত বিশ্ব-বিধাত্রীর!\r\nবল বীর –\r\nচির উন্নত মম শির!\r\n\r\nআমি     ঝঞ্ঝা, আমি ঘূর্ণী,\r\nআমি     পথ-সম্মুখে যাহা পাই যাই চূর্ণী!\r\nআমি     নৃত্য-পাগল ছন্দ,\r\nআমি     আপনার তালে নেচে যাই, আমি মুক্ত জীবনানন্দ।\r\nআমি     হাম্বীর, আমি ছায়ানট, আমি হিন্দোল,\r\nআমি     চল-চঞ্চল, ঠুমকি’ ছমকি’\r\nপথে যেতে যেতে চকিতে চমকি’\r\nফিং দিয়া দিই তিন দোল্!\r\nআমি     চপলা-চপল হিন্দোল!\r\n\r\nআমি     তাই করি ভাই যখন চাহে এ মন যা’,\r\nকরি      শত্রুর সাথে গলাগলি, ধরি মৃত্যুর সাথে পাঞ্জা,\r\nআমি উন্মাদ, আমি ঝঞ্ঝা!\r\nআমি     মহামারী, আমি ভীতি এ ধরিত্রীর।\r\nআমি     শাসন-ত্রাসন, সংহার আমি উষ্ণ চির-অধীর।\r\nবল বীর –\r\nআমি     চির-উন্নত শির!\r\n\r\nআমি     চির-দুরন্ত-দুর্ম্মদ,\r\nআমি     দুর্দ্দম, মম প্রাণের পেয়ালা হর্দ্দম্ হ্যায়্ হর্দ্দম্\r\nভরপুর মদ।\r\nআমি     হোম-শিখা, আমি সাগ্', 'Nazrul.jpg', '2021-02-21 11:53:01', '2021-02-21 11:53:01'),
(8, 1, 'কারার ঐ লৌহ-কপাট', '১\r\nকারার ঐ লৌহকপাট,\r\nভেঙ্গে ফেল, কর রে লোপাট,\r\nরক্ত-জমাট\r\nশিকল পূজার পাষাণ-বেদী।\r\nওরে ও তরুণ ঈশান!\r\nবাজা তোর প্রলয় বিষাণ!\r\nধ্বংস নিশান\r\nউড়ুক প্রাচীর প্রাচীর ভেদি।\r\n\r\n২\r\nগাজনের বাজনা বাজা!\r\nকে মালিক? কে সে রাজা?\r\nকে দেয় সাজা\r\nমুক্ত স্বাধীন সত্যকে রে?\r\nহা হা হা পায় যে হাসি,\r\nভগবান পরবে ফাঁসি!\r\nসর্বনাশী\r\nশিখায় এ হীন তথ্য কে রে!\r\n\r\n৩\r\nওরে ও পাগলা ভোলা!\r\nদে রে দে প্রলয় দোলা\r\nগারদগুলা\r\nজোরসে ধরে হেচ্‌কা টানে!\r\nমার হাঁক হায়দারী হাঁক,\r\nকাধে নে দুন্দুভি ঢাক\r\nডাক ওরে ডাক,\r\nমৃত্যুকে ডাক জীবন পানে!\r\n\r\n৪\r\nনাচে ওই কালবোশাখী,\r\nকাটাবী কাল বসে কি?\r\nদে রে দেখি\r\nভীম কারার ঐ ভিত্তি নাড়ি!\r\nলাথি মার, ভাঙ্গরে তালা!\r\nযত সব বন্দী শালায়-\r\nআগুন-জ্বালা,\r\n-জ্বালা, ফেল উপাড়ি।', 'Nazrul.jpg', '2021-02-21 11:53:01', '2021-02-21 11:53:01'),
(9, 4, 'জন্মেছি এই দেশে', 'অনেক কথার গুঞ্জন শুনি\r\nঅনেক গানের সুর\r\nসবচেয়ে ভাল লাগে যে আমার\r\n‘মাগো’ ডাক সুমধুর।\r\n\r\nআমার দেশের মাঠের মাটিতে\r\nকৃষাণ দুপুরবেলা\r\nক্লান্তি নাশিতে কন্ঠে যে তার\r\nসুর লয়ে করে খেলা।\r\n\r\nমুক্ত আকাশে মুক্ত মনের\r\nসেই গান চলে ভেসে\r\nজন্মেছি মাগো তোমার কোলেতে\r\nমরি যেন এই দেশে।\r\n\r\nএই বাংলার আকাশ-বাতাস\r\nএই বাংলার ভাসা\r\nএই বাংলার নদী, গিরি-বনে\r\nবাঁচিয়া মরিতে আশা।\r\n\r\nশত সন্তান সাধ করে এর\r\nধূলি মাখি সারা গায়\r\nবড় গৌরবে মাথা উচু করি\r\nমানুষ হইতে চায়।', 'images (1).jfif', '2021-02-22 01:57:36', '2021-02-22 01:57:36'),
(10, 4, 'প্রার্থনা', 'তুলি দুই হাত করি মোনাজাত\r\n\r\nহে রহিম রহমান\r\n\r\nকত সুন্দর করিয়া ধরণী\r\n\r\nমোদের করেছ দান,\r\n\r\n\r\n\r\nগাছে ফুল ফল\r\n\r\nনদী ভরা জল\r\n\r\nপাখির কন্ঠে গান\r\n\r\nসকলি তোমার দান৷\r\n\r\n\r\n\r\nমাতা, পিতা, ভাই, বোন ও স্বজন\r\n\r\nসব মানুষেরা সবাই আপন\r\n\r\nকত মমতায় মধুর করিয়া\r\n\r\nভরিয়া দিয়াছ প্রাণ৷\r\n\r\n\r\n\r\nতাই যেন মোরা তোমারে না ভলি\r\n\r\nসরল সহজ সত্‍ পথে চলি\r\n\r\nকত ভাল তমি, কত ভালোবাস\r\n\r\nগেয়ে যাই এই গান৷', 'images (1).jfif', '2021-02-22 01:57:36', '2021-02-22 01:57:36'),
(11, 4, 'ছোটন ঘুমায়', 'গোল করো না গোল করো না\r\nছোটন ঘুমায় খাটে।\r\nএই ঘুমকে কিনেত হল\r\nনওয়াব বাড়ির হাটে।\r\nসোনা নয় রুপা নয়\r\nদিলাম মোতির মালা\r\nতাইতো ছোটন ঘুমিয়ে আছে\r\nঘর করে উজালা।', 'images (1).jfif', '2021-02-22 01:57:36', '2021-02-22 01:57:36'),
(13, 5, 'রাখাল ছেলে', '“রাখাল ছেলে ! রাখাল ছেলে ! বারেক ফিরে চাও,\r\nবাঁকা গাঁয়ের পথটি বেয়ে কোথায় চলে যাও?”\r\n\r\nওই যে দেখ নীল-নোয়ান সবুজ ঘেরা গাঁ,\r\nকলার পাতা দোলায় চামর শিশির ধোয়ায় পা,\r\nসেথায় আছে ছোট কুটির সোনার পাতায় ছাওয়া,\r\nসাঁঝ-আকাশের ছড়িয়ে-পড়া আবীর রঙে নাওয়া,\r\nসেই ঘরেতে একলা বসে ডাকছে আমার মা-\r\nসেথায় যাব, ও ভাই এবার আমায় ছাড় না।”\r\n\r\n“রাখাল ছেলে ! রাখাল ছেলে ! আবার কোথা ধাও,\r\nপুব আকাশে ছাড়ল সবে রঙিন মেঘের নাও।”\r\n\r\n“ঘুম হতে আজ জেগেই দেখি শিশির-ঝরা ঘাসে,\r\nসারা রাতের স্বপন আমার মিঠেল রোদে হাসে।\r\nআমার সাথে করতো খেলা প্রভাত হাওয়া, ভাই,\r\nসরষে ফুলের পাঁপড়ি নাড়ি ডাকছে মোরে তাই।\r\nচলতে পথে মটরশুঁটি জড়িয়ে দুখান পা,\r\nবলছে ডেকে, ‘গাঁয়ের রাখাল একটু খেলে যা।’\r\nসারা মাঠের ডাক এসেছে, খেলতে হবে ভাই।\r\nসাঁঝের বেলা কইব কথা এখন তবে যাই।’\r\n\r\n“রাখাল ছেলে ! রাখাল ছেলে ! সারাটা দিন খেলা,\r\nএ যে বড় বাড়াবাড়ি, কাজ আছে যে মেলা।”\r\n\r\nকাজের কথা জানিনে ভাই, লাঙল দিয়ে খেলি\r\nনিড়িয়ে দেই ধানের ক্ষেতের সবুজ রঙের চেলী।\r\nরিষে বালা নুইয়ে গলা হলদে হওয়ার সুখে।\r\nটির বোনের ঘোমটা খুলে চুমু দিয়ে যায় মুখে।\r\nঝাউয়ের ঝাড়ে বাজায় বাঁশী পউষ-পাগল বুড়ী,\r\nআমরা সেথা চষতে লাঙল মুশীদা-গান জুড়ি।\r\nখেলা মোদের গান গাওয়া ভাই, খেলা-লাঙল-চষা,\r\nসারাটা দিন খেলতে জানি, জানিই নেক বসা’।', 'download.jfif', '2021-02-22 02:06:49', '2021-02-22 02:06:49'),
(14, 5, 'নিমন্ত্রণ', 'তুমি যাবে ভাই – যাবে মোর সাথে, আমাদের ছোট গাঁয়,\r\nগাছের ছায়ায় লতায় পাতায় উদাসী বনের বায়;\r\nমায়া মমতায় জড়াজড়ি করি\r\nমোর গেহখানি রহিয়াছে ভরি,\r\nমায়ের বুকেতে, বোনের আদরে, ভাইয়ের স্নেহের ছায়,\r\nতুমি যাবে ভাই – যাবে মোর সাথে, আমাদের ছোট গাঁয়,\r\n\r\nছোট গাঁওখানি- ছোট নদী চলে, তারি একপাশ দিয়া,\r\nকালো জল তার মাজিয়াছে কেবা কাকের চক্ষু নিয়া;\r\nঘাটের কিনারে আছে বাঁধা তরী\r\nপারের খবর টানাটানি করি;\r\nবিনাসুতি মালা গাথিছে নিতুই এপার ওপার দিয়া;\r\nবাঁকা ফাঁদ পেতে টানিয়া আনিছে দুইটি তটের হিয়া।\r\n\r\nতুমি যাবে ভাই- যাবে মোর সাথে, ছোট সে কাজল গাঁয়,\r\nগলাগলি ধরি কলা বন; যেন ঘিরিয়া রয়েছে তায়।\r\nসরু পথ খানি সুতায় বাঁধিয়া\r\nদূর পথিকেরে আনিছে টানিয়া,\r\nবনের হাওয়ায়, গাছের ছায়ায়, ধরিয়া রাখিবে তায়,\r\nবুকখানি তার ভরে দেবে বুঝি, মায়া আর মমতায়!\r\n\r\nতুমি যাবে ভাই যাবে মোর সাথে – নরম ঘাসের পাতে\r\nচম্বন রাখি অধরখানিতে মেজে লয়ো নিরালাতে।\r\nতেলাকুচা – লতা গলায় পরিয়া\r\nমেঠো ফুলে নিও আঁচল ভরিয়া,\r\nহেথায় সেথায় ভাব করো তুমি বুনো পাখিদের সাথে,\r\nতোমার গায়ের রংখানি তুমি দেখিবে তাদের পাতে।\r\n\r\nতুমি যদি যাও আমাদের গাঁয়ে, তোমারে সঙ্গে করি\r\nনদীর ওপারে চলে যাই তবে লইয়া ঘাটের তরী।\r\nমাঠের যত না রাখাল ডাকিয়া\r\nতোর সনে দেই মিতালী করিয়া\r\nঢেলা কুড়িইয়া গড়ি ইমারত সারা দিনমান ধরি,\r\nসত্যিকারের নগর ভুলিয়া নকল নগর গড়ি।\r\n\r\nতুমি যদি যাও – দেখিবে সেখানে মটর লতার সনে,\r\nসীম আর সীম – হাত বাড়াইলে মুঠি ভরে সেই খানে।\r\nতুমি যদি যাও সে – সব কুড়ায়ে\r\nনাড়ার আগুনে পোড়ায়ে পোড়ায়ে,\r\nখাব আর যত গেঁঢো – চাষীদের ডাকিয়া নিমন্ত্রণে,\r\nহাসিয়া হাসিয়া মুঠি মুঠি তাহা বিলাইব দুইজনে।\r\n\r\nতুমি যদি যাও – শালুক কুড়ায়ে, খুব – খুব বড় করে,\r\nএমন একটি গাঁথিব মালা যা দেখনি কাহারো করে,\r\nকারেও দেব না, ত', 'download.jfif', '2021-02-22 02:06:49', '2021-02-22 02:06:49'),
(15, 5, 'আসমানী', 'আসমানীরে দেখতে যদি তোমরা সবে চাও,\r\nরহিমন্দীর ছোট্ট বাড়ি রসুলপুরে যাও।\r\nবাড়ি তো নয় পাখির বাসা-ভেন্না পাতার ছানি,\r\nএকটুখানি বৃষ্টি হলেই গড়িয়ে পড়ে পানি।\r\nএকটুখানি হওয়া দিলেই ঘর নড়বড় করে,\r\nতারি তলে আসমানীরা থাকে বছর ভরে।\r\n\r\nপেটটি ভরে পায় না খেতে, বুকের ক’খান হাড়,\r\nসাক্ষী দেছে অনাহারে কদিন গেছে তার।\r\nমিষ্টি তাহার মুখটি হতে হাসির প্রদীপ-রাশি\r\nথাপড়েতে নিবিয়ে গেছে দারুণ অভাব আসি।\r\nপরণে তার শতেক তালির শতেক ছেঁড়া বাস,\r\nসোনালী তার গার বরণের করছে উপহাস।\r\nভোমর-কালো চোখ দুটিতে নাই কৌতুক-হাসি,\r\nসেখান দিয়ে গড়িয়ে পড়ে অশ্রু রাশি রাশি।\r\nবাঁশীর মত সুরটি গলায় ক্ষয় হল তাই কেঁদে,\r\nহয়নি সুযোগ লয় যে সে-সুর গানের সুরে বেঁধে।\r\n\r\nআসমানীদের বাড়ির ধারে পদ্ম-পুকুর ভরে\r\nব্যাঙের ছানা শ্যাওলা-পানা কিল-বিল-বিল করে।\r\nম্যালেরিয়ার মশক সেথা বিষ গুলিছে জলে,\r\nসেই জলেতে রান্না খাওয়া আসমানীদের চলে।\r\nপেটটি তাহার দুলছে পিলেয়, নিতুই যে জ্বর তার,\r\nবৈদ্য ডেকে ওষুধ করে পয়সা নাহি আর।\r\nখোসমানী আর আসমানী যে রয় দুইটি দেশে,\r\nকও তো যাদু, কারে নেবে অধিক ভালবেসে?', 'download.jfif', '2021-02-22 02:06:49', '2021-02-22 02:06:49'),
(17, 6, 'না ঘুমানোর দল', 'নারকেলের ঐ লম্বা মাথায়\r\nহঠাৎ দেখি কাল\r\nডাবের মতো চাদঁ উঠেছে\r\nঠান্ডা ও গোলগাল ।\r\n\r\nছিটকিনিটা আস্তে খুলে\r\nপেরিয়ে এলেম ঘর\r\nঘুমন্ত এই মস্ত শহর\r\nকরছিলো থরথর।\r\n\r\nমিনারটাকে দেখছি যেন\r\nদাড়িয়ে আছেন কেউ,\r\nপাথরঘাটার গির্জেটা কি\r\nলাল পাথরের ঢেউ ?\r\n\r\nচৌকিদারের হাক শুনে যেই\r\nমোড় ফিরেছি বায় –\r\nকোত্থেকে এক উটকো পাহাড়\r\nডাক দিল আয় আয় ।\r\n\r\nপাহাড়টাকে হাত বুলিয়ে\r\nলাল দিঘীটার পাড়\r\nএগিয়ে দেখি জোনাকিদের\r\nবসেছে দরবার ।\r\n\r\nআমায় দেখে কলকলিয়ে\r\nদীঘির কালো জল\r\nবললো, এসো, আমরা সবাই\r\nনা ঘুমানোর দল-\r\n\r\nপকেট থেকে খুলো তোমার\r\nপদ্য লেখার ভাজঁ\r\nরক্তজবার ঝোপের কাছে\r\nকাব্য হবে আজ ।\r\n\r\nদীঘির কথায় উঠলো হেসে\r\nফুল পাখিদের সব\r\nকাব্য হবে, কাব্য হবে-\r\nজুড়লো কলরব ।\r\n\r\nকী আর করি পকেট থেকে\r\nখুলে ছড়ার বই\r\nপাখির কাছে, ফুলের কাছে\r\nমনের কথা কই ।', 'images.jfif', '2021-02-22 02:24:45', '2021-02-22 02:24:45'),
(18, 7, 'পাঞ্জেরি \r\n– ফররুখ আহমদ', 'পাঞ্জেরি \r\nরাত পোহাবার কত দেরি পাঞ্জেরি?\r\nএখনো তোমার আসমান ভরা মেঘে?\r\nসেতারা, হেলাল এখনো ওঠেনি জেগে?\r\nতুমি মাস্তলে, আমি দাঁড় টানি ভুলে;\r\nঅসীম কুয়াশা জাগে শূন্যতা ঘেরি।\r\nরাত পোহাবার কত দেরি পাঞ্জেরি?\r\nদীঘল রাতের শ্রান্তসফর শেষে\r\nকোন দরিয়ার কালো দিগন্তে আমরা পড়েছি এসে?\r\nএ কী ঘন-সিয়া জিন্দেগানীর বা’ব\r\nতোলে মর্সিয়া ব্যথিত দিলের তুফান-শ্রান্ত খা’ব\r\nঅস্ফুট হয়ে ক্রমে ডুবে যায় জীবনের জয়ভেরী।\r\nতুমি মাস্তুলে, আমি দাঁড় টানি ভুলে;\r\nসম্মুখে শুধু অসীম কুয়াশা হেরি।\r\nরাত পোহাবার কত দেরি পাঞ্জেরি?\r\nবন্দরে বসে যাত্রীরা দিন গোনে,\r\nবুঝি মৌসুমী হাওয়ায় মোদের জাহাজের ধ্বনি শোনে,\r\nবুঝি কুয়াশায়, জোছনা- মায়ায় জাহাজের পাল দেখে।\r\nআহা, পেরেশান মুসাফির দল।\r\nদরিয়া কিনারে জাগে তক্দিরে\r\nনিরাশায় ছবি এঁকে!\r\nপথহারা এই দরিয়া- সোঁতারা ঘুরে\r\nচলেছি কোথায়? কোন সীমাহীন দূরে?\r\nতুমি মাস্তুলে, আমি দাঁড় টানি ভুলে;\r\nএকাকী রাতের ম্লান জুলমাত হেরি!\r\nরাত পোহাবার কত দেরি পাঞ্জেরি?\r\nশুধু গাফলতে শুধু খেয়ালের ভুলে,\r\nদরিয়া- অথই ভ্রান্তি- নিয়াছি ভুলে,\r\nআমাদেরি ভুলে পানির কিনারে মুসাফির দল বসি\r\nদেখেছে সভয়ে অস্ত গিয়াছে তাদের সেতারা, শশী।\r\nমোদের খেলায় ধুলায় লুটায়ে পড়ি।\r\nকেটেছে তাদের দুর্ভাগ্যের বিস্বাদ শর্বরী।\r\nসওদাগরের দল মাঝে মোরা ওঠায়েছি আহাজারি,\r\nঘরে ঘরে ওঠে ক্রন্দনধ্বনি আওয়াজ শুনছি তারি।\r\nওকি বাতাসের হাহাকার,- ও কি\r\nরোনাজারি ক্ষুধিতের!\r\nও কি দরিয়ার গর্জন,- ও কি বেদনা মজলুমের!\r\nও কি ধাতুর পাঁজরায় বাজে মৃত্যুর জয়ভেরী।\r\nপাঞ্জেরি!\r\nজাগো বন্দরে কৈফিয়তের তীব্র ভ্রুকুটি হেরি,\r\nজাগো অগণন ক্ষুধিত মুখের নীরব ভ্রুকুটি হেরি!\r\nদেখ চেয়ে দেখ সূর্য ওঠার কত দেরি, কত দেরি!!', 'download.jpg', '2021-02-27 05:40:13', '2021-02-27 05:40:13'),
(19, 8, 'জোনাকিরা ', 'জোনাকিরা \r\nতারা- একটি দুটি তিনটি করে এলো\r\nতখন- বৃষ্টি-ভেজা শীতের হাওয়া\r\nবইছে এলোমেলো,\r\nতারা- একটি দু’টি তিনটি করে এলো।\r\nথই থই থই অন্ধকারে\r\nঝাউয়ের শাখা দোলে\r\nসেই- অন্ধকারে শন শন শন\r\nআওয়াজ শুধু তোলে।\r\nভয়েতে বুক চেপে\r\nঝাউয়ের শাখা , পাখির পাখাউঠছে কেঁপে কেঁপে ।\r\nতখন- একটি দু’টি তিনটি করে এসে\r\nএক শো দু শো তিন শো করে\r\nঝাঁক বেঁধে যায় শেষে\r\nতারা- বললে ও ভাই, ঝাউয়ের শাখা,\r\nবললে, ও ভাই পাখি,\r\nঅন্ধকারে ভয় পেয়েছো নাকি ?\r\nযখন- বললে, তখন পাতার ফাঁকে\r\nকী যেন চমকালো।\r\nঅবাক অবাক চোখের চাওয়ায়\r\nএকটুখানি আলো।\r\nযখন- ছড়িয়ে গেলো ডালপালাতে\r\nসবাই দলে দলে\r\nতখন- ঝাউয়ের শাখায়- পাখির পাখায়\r\nহীরে-মানিক জ্বলে।\r\nযখন- হীরে-মানিক জ্বলে\r\nতখন- থমকে দাঁড়াঁয় শীতের হাওয়া\r\nচমকে গিয়ে বলে-\r\nখুশি খুশি মুখটি নিয়ে\r\nতোমরা এলে কারা?\r\nতোমরা কি ভাই নীল আকাশের তারা ?আলোর পাখি নাম জোনাকি\r\nজাগি রাতের বেলা,\r\nনিজকে জ্বেলে এই আমাদের\r\nভালোবাসার খেলা।\r\nতারা নইকো- নইকো তারা\r\nনই আকাশের চাঁদ\r\nছোট বুকে আছে শুধুই\r\nভালোবাসার সাধ।', 'download (1).jpg', '2021-02-27 05:44:00', '2021-02-27 05:44:00'),
(20, 9, 'আজান', '\r\nকে অই শুনালো মোরে\r\nআজানের ধ্বনি!\r\nমর্মে মর্মে সেই সুর বাজিল কি সমুধুর\r\nআকুল হইল প্রাণ বাজিল ধমনী!\r\nকি মধুর\r\nআজানের ধ্বনি!\r\n\r\n২\r\nআমি তো পাগল হয়ে\r\nসে মধুর তানে\r\nকি যে এক আকর্ষণে ছুটে যাই মুগ্ধ মনে\r\nকি নিশীথে কি দিবসে\r\nমসজিদের পানে।\r\nহৃদয়ের তারে তারে, প্রাণের শোণিত ধারে\r\nকি যে এক ঢেউ উঠে\r\nভক্তির তুফানে\r\nকত সুধা আছে সেই মধুর আজানে!\r\n\r\n৩\r\nনদী ও পাখীর তানে\r\nতারি প্রতিধ্বনি!\r\nভ্রমরের গুণগানে, সেই সুর আসে কানে\r\nকি এক আবেশে মুগ্ধ\r\nনিখিল ধরনী!\r\nভূধরে সাগরে জলে নির্ঝরিণী কল কলে\r\nআমি যেন শুনি সেই আজানের ধ্বনি।\r\n\r\n৪\r\nযবে সেই সুর\r\nভাসে দূরে সায়াহ্নের নিথর অম্বরে!\r\nপ্রাণ করে আনচার, কি মধুর সে আজান,\r\nতারি প্রতিধ্বনি শুনি আত্মার ভিতরে!\r\n\r\n৫\r\nআকাশের পানে আমি\r\nচেয়ে থাকি যবে,\r\nচন্দ্র সূর্য্য তারকায় অই সুর শুনি হায়\r\nসবাই গাহিয়া যায়\r\nনীরবে নীরবে!\r\nফুলের সৌরভ নিয়া, পাতাগুলি দোলাইয়া\r\nনৈশ বায়ু বহে যবে\r\n‘শর শর’ রবে!\r\nতাহারি প্রত্যেক শ্বাসে, সেই সুর ভেসে আসে\r\nভ্রমান্ধ মানব তাহা বোঝে না এ ভবে!\r\n\r\n৬\r\nঊষা যবে ফুল সাজে\r\nআসে ধরাধামে!\r\nবিশ্বপতি পূজা তরে শেফালী ঝরিয়া পড়ে\r\nরজনী প্রণমে তারে\r\nপ্রতি যামে যামে!\r\nনীরব নিঝুম ধরা, বিশ্বে যেন সবি মরা\r\nএকটুকু শব্দ যবে\r\nনাহিক কোন স্থানে!\r\nমোয়াজ্জিন উচ্চৈস্বরে, দাঁড়ায়ে মিনার প’রে\r\nকি সুধা ছড়িয়ে দেয়\r\nঊষার আজানে।\r\nজাগাইতে মোহ মুগ্ধ মানব-সন্তানে।\r\n\r\n৭\r\n‘লাইলাহা ইল্লাল্লাহ, মোহাম্মদ রাছুলুল্লাহ’\r\nমোয়াজ্জিন মিনারে উঠে\r\nফুকারে যখন।', 'image-76584-1563687319.jpg', '2021-02-27 05:49:58', '2021-02-27 05:49:58'),
(21, 10, 'হে মোর দুর্ভাগা দেশ', 'হে মোর দুর্ভাগা দেশ, যাদের করেছ অপমান,\r\nঅপমানে হতে হবে তাহাদের সবার সমান!\r\n             মানুষের অধিকারে\r\n             বঞ্চিত করেছ যারে,\r\nসম্মুখে দাঁড়ায়ে রেখে তবু কোলে দাও নাই স্থান,\r\nঅপমানে হতে হবে তাহাদের সবার সমান।\r\n \r\nমানুষের পরশেরে প্রতিদিন ঠেকাইয়া দূরে\r\nঘৃণা করিয়াছ তুমি মানুষের প্রাণের ঠাকুরে।\r\n              বিধাতার রুদ্ররোষে\r\n              দুর্ভিক্ষের দ্বারে বসে\r\nভাগ করে খেতে হবে সকলের সাথে অন্নপান।\r\nঅপমানে হতে হবে তাহাদের সবার সমান।   \r\n \r\nতোমার আসন হতে যেথায় তাদের দিলে ঠেলে\r\nসেথায় শক্তিরে তব নির্বাসন দিলে অবহেলে।\r\n              চরণে দলিত হয়ে\r\n              ধুলায় সে যায় বয়ে\r\nসে নিম্নে নেমে এসো, নহিলে নাহি রে পরিত্রাণ।\r\nঅপমানে হতে হবে আজি তোরে সবার সমান।   \r\n \r\nযারে তুমি নীচে ফেল সে তোমারে বাঁধিবে যে নীচে\r\nপশ্চাতে রেখেছ যারে সে তোমারে পশ্চাতে টানিছে।\r\n              অজ্ঞানের অন্ধকারে\r\n              আড়ালে ঢাকিছ যারে\r\nতোমার মঙ্গল ঢাকি গড়িছে সে ঘোর ব্যবধান।\r\nঅপমানে হতে হবে তাহাদের সবার সমান।   \r\n \r\nশতেক শতাব্দী ধরে নামে শিরে অসম্মানভার,\r\nমানুষের নারায়ণে তবুও কর না নমস্কার।\r\n              তবু নত করি আঁখি\r\n              দেখিবারে পাও না কি\r\nনেমেছে ধুলার তলে হীন পতিতের ভগবান,\r\nঅপমানে হতে হবে সেথা তোরে সবার সমান।\r\n \r\nদেখিতে পাও না তুমি মৃত্যুদূত দাঁড়ায়েছে দ্বারে,\r\nঅভিশাপ আঁকি দিল তোমার জাতির অহংকারে।\r\n              সবারে না যদি ডাক\',\r\n              এখনো সরিয়া থাক\',\r\nআপনারে বেঁধে রাখ\' চৌদিকে জড়ায়ে অভিমান--\r\nমৃত্যুমাঝে হবে তবে চিতাভস্মে সবার সমান।\r\n ', 'download (2).jpg', '2021-02-27 06:04:43', '2021-02-27 06:04:43'),
(22, 11, 'শেষ হ’ল জীবনের সব লেনদেন\r\n', '\r\nশেষ হ’ল জীবনের সব লেনদেন,\r\nবনলতা সেন।\r\nকোথায় গিয়েছ তুমি আজ এই বেলা\r\nমাছরাঙা ভোলেনি তো দুপুরের খেলা\r\nশালিখ করে না তার নীড় অবহেলা\r\nউচ্ছ্বাসে নদীর ঢেউ হয়েছে সফেন,\r\nতুমি নাই বনলতা সেন।\r\nতোমার মতন কেউ ছিল কি কোথাও?\r\nকেন যে সবের আগে তুমি চলে যাও।\r\nকেন যে সবের আগে তুমি', '220px-Jibanananda_Das_(1899–1954).jpg', '2021-03-13 16:38:18', '2021-03-13 16:38:18'),
(23, 12, 'উত্তরাধুনিক বৃষ্টিপাত\r\n- আবিদ আনোয়ার', '\r\nপরাবাস্তব বৃষ্টিতে ভেজে বগলের বর্ষাতি--\r\nশুকনো আষাঢ়, মিছে গর্জায় আকাশের কালো হাতি;\r\nকখনো ধূসর নীলিমায় শু’য়ে গর্ভিনী কোনো মোষ\r\nহতাশার মতো প্রসব করছে সাদা-সাদা খরগোশ!\r\nএ-আষাঢ় যাবে সাদাকালো আর নীলের কোলাজ দেখে?\r\nবর্ষাসংখ্যা সাময়িকী জুড়ে মেঘের পদ্য লে’খে?\r\nঈশানের দিকে চেয়ে দেখি যেই জমছে সম্ভাবনা\r\n‘বৃষ্টি হবে না’ ঘোষণায় বলে ঢাকা বেতারের খনা।\r\nঅবচেতনের কোথায় তবুও কদমের ঘ্রাণ পাই:\r\nঅলীক জলের শিহরণে কাঁপে করিডোরে বনসাই--', 'download (1).jfif', '2021-03-13 16:38:18', '2021-03-13 16:38:18'),
(25, 13, 'সুখ\r\n- কামিনী রায়\r\n', 'নাই কিরে সুখ? নাই কিরে সুখ?—\r\n      এ ধরা কি শুধু বিষাদময়?\r\nযতনে জ্বলিয়া কাঁদিয়া মরিতে\r\n      কেবলি কি নর জনম লয়?—\r\nকাঁদাইতে শুধু বিশ্বরচয়িতা\r\n      সৃজেন কি নরে এমন করে’?\r\nমায়ার ছলনে উঠিতে পড়িতে\r\n      মানবজীবন অবনী ‘পরে?\r\nবল্ ছিন্ন বীণে, বল উচ্চৈঃস্বরে,—\r\n      না,—না,—না,—মানবের তরে\r\nআছে উচ্চ লক্ষ্য, সুখ উচ্চতর,\r\n      না সৃজিলা বিধি কাঁদাতে নরে।\r\nকার্যক্ষেত্র ওই প্রশস্ত পড়িয়া,\r\n      সমর-অঙ্গন সংসার এই,\r\nযাও বীরবেশে কর গিয়ে রণ ;\r\n      যে জিনিবে সুখ লভিবে সেই।\r\nপরের কারণে স্বার্থে দিয়া বলি\r\n      এ জীবন মন সকলি দাও,\r\nতার মত সুখ কোথাও কি আছে?\r\n      আপনার কথা ভুলিয়া যাও।\r\nপরের কারণে মরণের সুখ ;\r\n      “সুখ” “সুখ” করি কেঁদনা আর,\r\nযতই কাঁদিবে ততই ভাবিবে,\r\n      ততই বাড়িবে হৃদয়-ভার।\r\nগেছে যাক ভেঙ্গে সুখের স্ব', 'dfsdfdf.jfif', '2021-03-13 16:45:35', '2021-03-13 16:45:35'),
(26, 14, 'অভিবাদন\r\n', '\r\nহে সাথী, আজকে স্বপ্নের দিন গোনা\r\nব্যর্থ নয় তো, বিপুল সম্ভাবনা\r\nদিকে দিকে উদ্‌যাপন করছে লগ্ন,\r\nপৃথিবী সূর্য-তপস্যাতেই মগ্ন।\r\n\r\nআজকে সামনে নিরুচ্চারিত প্রশ্ন,\r\nমনের কোমল মহল ঘিরে কবোষ্ণ\r\nক্রমশ পুষ্ট মিলিত উন্মাদনা,\r\nক্রমশ সফল স্বপ্নের দিন গোনা।\r\n\r\nস্বপ্নের বীজ বপন করেছি সদ্য,\r\nবিদ্যুৎবেগে ফসল সংঘবদ্ধ!\r\nহে সাথী, ফসলে শুনেছো প্রাণের গান?\r\nদুরন্ত হাওয়া ছড়ায় ঐকতান।\r\n\r\nবন্ধু, আজকে দোদুল্যমান পৃথ্বী\r\nআমরা গঠন করব নতুন ভিত্তি;\r\nতারই সুত্রপাতকে করেছি সাধন\r\nহে সাথী, আজকে রক্তিম অভিবাদন।', 'Suakanta_Bhattacharya.jpg', '2021-03-13 16:53:08', '2021-03-13 16:53:08');

-- --------------------------------------------------------

--
-- Table structure for table `profiles`
--

CREATE TABLE `profiles` (
  `id` int(11) NOT NULL,
  `uid` int(11) NOT NULL,
  `first_name` varchar(30) COLLATE utf8mb4_unicode_ci NOT NULL,
  `last_name` varchar(30) COLLATE utf8mb4_unicode_ci NOT NULL,
  `image` varchar(200) COLLATE utf8mb4_unicode_ci NOT NULL,
  `fat_name` varchar(255) COLLATE utf8mb4_unicode_ci NOT NULL,
  `mot_name` varchar(255) COLLATE utf8mb4_unicode_ci NOT NULL,
  `created` timestamp NOT NULL DEFAULT current_timestamp()
) ENGINE=InnoDB DEFAULT CHARSET=utf8mb4 COLLATE=utf8mb4_unicode_ci;

--
-- Dumping data for table `profiles`
--

INSERT INTO `profiles` (`id`, `uid`, `first_name`, `last_name`, `image`, `fat_name`, `mot_name`, `created`) VALUES
(1, 53, 'mujammel', 'hoque', 'profile.jpg', 'nasir ahmed', 'anowara begum', '2021-03-04 09:55:40');

-- --------------------------------------------------------

--
-- Table structure for table `ptweets`
--

CREATE TABLE `ptweets` (
  `id` int(11) NOT NULL,
  `uid` int(11) NOT NULL,
  `cid` int(11) NOT NULL,
  `title` varchar(200) NOT NULL,
  `details` text NOT NULL,
  `image` varchar(500) NOT NULL,
  `privacy` set('0','1','2','') NOT NULL,
  `status` set('0','1','2','') NOT NULL,
  `created` timestamp NOT NULL DEFAULT current_timestamp(),
  `updated` timestamp NULL DEFAULT current_timestamp() ON UPDATE current_timestamp(),
  `deleted` timestamp NULL DEFAULT NULL
) ENGINE=InnoDB DEFAULT CHARSET=utf8mb4;

--
-- Dumping data for table `ptweets`
--

INSERT INTO `ptweets` (`id`, `uid`, `cid`, `title`, `details`, `image`, `privacy`, `status`, `created`, `updated`, `deleted`) VALUES
(8, 49, 5, 'শত দৃষ্টি মিশিয়ে', 'পথেঘাটে শত দৃষ্টি মিশিয়ে কোমল মন একটু অন্নজলের খোঁজে কাটায় জীবন।', '1615637716_49_2145.jpg', '1', '1', '2021-02-22 16:35:37', '2021-03-13 12:15:16', NULL),
(23, 53, 5, 'যে নদীbb', 'যে নদীর কূলে কূলে গাছের সারি\r\nযেখানে তরীর মাঝি আলো বিচারী\r\nযে নদী অনন্তকাল ধরে বয়ে যায় \r\nসেই নদীর বাঁকে বাঁকে মন যেতে চায়।', '1615637768_53_3412.jpg', '2', '1', '2021-02-28 06:21:07', '2021-03-13 13:58:11', NULL),
(33, 53, 1, 'dsffdf', 'sdfssd', '1615643317_53_1939.jpg', '2', '1', '2021-03-13 13:48:38', '2021-03-13 13:54:16', NULL),
(34, 53, 2, 'dfaesdf', 'fsdfsdfsdf', '1615643462_53_9205.jpg', '', '1', '2021-03-13 13:51:02', NULL, NULL),
(35, 53, 3, 'this is on test', 'thsif d9fiserf', '1615643635_53_9151.jpg', '2', '1', '2021-03-13 13:53:14', '2021-03-13 13:58:03', NULL),
(36, 53, 1, 'বেলা শেষ', 'সবার ব্যস্ততা কেবল বেড়ে চলে, বাড়ে অবিরাম \r\nকল্লোল থামিয়ে চাহনির কাছে আসে চির বিরাম\r\nহাজার স্বপ্ন বিভোরে প্রাণান্তকর সাধনার রেশ\r\nস্বপ্ন দিগন্ত ছোঁয়ার আগেই মানুষের বেলা শেষ।।', '1615650870_53_1314.jpg', '1', '1', '2021-03-13 15:54:30', NULL, NULL),
(37, 53, 2, 'কখনো আমি', 'কখনো  আকাশ দেখি,কখনো নদীর কূলে নীরব\r\nকখনো নদীর বহমান স্রোতে,শুনি দূরের কলরব।।\r\nকখনো শুনি স্মৃতিকথা, কখনো শুনি পাপিয়ার সুর\r\nকখনো ভাবি বিপ্লবী জীবন, ইচ্ছে হয় যাই বহুদূর।।\r\nকখনো দেখি লালিমা,কখনো শুনি পবনের মিশ্র সুর\r\nকখনো মনে হয় রাত গভীর, এসে যাবে নতুন ভোর।।\r\nকখনো মনে হয় আসবে ঝড়, থেমে যাবে সব কলহল।\r\nকখনো ভাবি আসবে নয়া দিন ধংস্ব হবে মিথ্যার ছল।\r\nকখনো দেখি আকাশে ছুটে চলে অপূর্ব মেঘের বেলা\r\nকখনো দেখি নীল শূন্য সীমানায় শত পাখির খেলা।।\r\nকাখনো ইচ্ছে হয় উড়ে যাই, পাখির মত ডানা মেলে\r\nআর বিচিত্র লীলার বিশ্বটাকে দেখে নিই প্রাণ খুলে।', '1615651191_53_2917.jpg', '1', '1', '2021-03-13 15:59:51', NULL, NULL),
(38, 53, 4, ' পৃথিবী আমার', 'এই পৃথিবী আমার যখন আমি সুস্থ \r\nএই পৃথিবী পর যখন আমি অসুস্থ।', '1615651264_53_1288.jpg', '1', '1', '2021-03-13 16:01:04', NULL, NULL),
(39, 53, 6, 'স্কুল ফাঁকি ', '\r\nমনে পড়ে সেই দিনগুলো\r\nছোট তখন আমি\r\nবই নিয়ে জঙ্গলে একাকা\r\nস্কুল আমার ফাঁকি।।\r\nস্কুল তখন ভালোলাগতোনা\r\nভালোলাগতো পাখির কূজন\r\nঝিরঝির বাতাসে মুগ্ধমনে\r\nমনে হত কোন সুজন।।\r\nস্কুলে থেকে সহপাঠিরা এসে\r\nআমাকে করতো ধাওয়া\r\nপারেনি তারা নিতে স্যারের কাছে\r\nঘরে এসে মায়ের পিঠুনি খাওয়া।।\r\nবড় বোন আর বড় ভাইয়ের\r\nখিটখিটে মেজাজে, আমি রুদ্ধ\r\nসবাই বলে পড়ালেখা ছাড়া\r\nঅচল জীবন যুদ্ধ।।\r\nউদাস আমি, গাছেগাছে\r\nপাখির বাসার সন্ধানে।\r\nকোথায় শালিক, বাবু, বক\r\nথাকে আনমনে।\r\nএকটা পাখি ধরতে পেলে\r\nরাখতাম তাকে যতনে।\r\nপাখির খাঁচা দেখতে আসবে\r\nবন্ধু আমার জনে জনে।\r\nহাতে যখন গুলতি, নিষ্ঠুর হয়ে\r\nমেরেছি বহুপাখি\r\nযত পাখি মেরেছি, বেশিছিল\r\nগানপাগল বুলবুলি।।\r\nকোথায় স্কুল, কোথায় আমি\r\nভালোলাগতো জিনপরীদের গল্প\r\nবিকাল বেলায়, সন্ধায়, মনে শুধু\r\nএদিকওদিক জিনভূতের কল্প।।\r\nভীতু হয়ে সরাক্ষণ চলতাম\r\nগাছগাছালির ছায়ায়\r\nকখন যে একটা পরী নেমে এসে\r\nধরে নিয়ে যায়।।\r\nবাঁশবাগানে, গাছ নড়ার শব্দ শুনে\r\nমনে হল জিনভূতের ডাক\r\nকোথাও মানুষ না দেখে, দৌড়ে\r\nনিজেকে করেছি অবাক।।\r\nকি যে সরল আমি, লোকে\r\nআমার সাথে কত মজাকরত\r\nসবার কথা ভেবে ভেবে\r\nমনটা দ্বিধায় পড়ে যেত।।\r\nশুনলাম বাড়িতে আজ নানা-নানু\r\nখুশিতে স্কুল আজ থাক\r\nসারাদিন খেলা, নানা-নানু মুছে দিবে\r\nআমার প্রতি মায়ের যত রাগ।।\r\nঘুড়ি উড়ানোর স্মৃতি মনে পড়লে\r\nইচ্ছে হয় উড়ায় ঘুড়ি\r\nতার নাচনে মনে হত \r\nআকাশ জুড়ে আনন্দের ছড়াছড়ি।।\r\nমাছ ধরার কথা মনে পড়ে\r\nমাছতো এখনো ধরি,\r\nনদীর খুব অদূরেই স্বপ্নিল\r\nআমাদের বাড়ি।।\r\nসবার মত আমাদেরও ছিল\r\nছোট ছোট পাতিহাঁস,\r\nনদী থেকে ঝিনুক শামুক আনলে\r\nমাঝেমাঝে ধরে যেত সরদি কাশ।।\r\nআরো অনেক কিছু বলছি\r\nস্মৃতির পাতা থেকে,\r\nজড় এসেছে, আমগুলো নিয়ে নিব\r\nসবার আগে।।\r\nরাতের আঁধারে মশাল নিয়ে ঘুরি\r\nগাঁয়ের সব তাল তলায়,\r\nপাড়ার সব ছেলেরাও ঘুরছে\r\nতাল পাওয়ার আশায়।\r\nযাদের কিনারায় তাল গাছ\r\nপালাতাম গাছে ঢিল মেরে\r\nআড়ালে বসেথাকা বন্ধুদের মাঝে\r\nহাসির রোল পড়ে।\r\nআজ রাখালেরা চলে গেল\r\nগরু নিয়ে মাঠে\r\nআমিও একটি গরু নিয়ে গেলাম\r\nতাদের সাথে ছুটে।।\r\nখেলায় বিভোর হল রাখালরা\r\nঅবসরের ফাঁকে,\r\nঅভিনব খেলায় মুগ্ধ সবাই\r\nআর মুগ্ধ গরুর হাম্বা ডাকে।\r\nআমিও খেলেছি তাদের সাথে\r\nগোল্লা আর লাঠি খেলা,\r\nরোদ আজ লাগেনি তেমন\r\nআকাশেতো মেঘের বেলা।\r\nহঠাৎ বৃষ্টি আর মেঘের ডাক\r\nখেলা আজ থাক,\r\nসবার সাথে গরু নিয়ে\r\nবাড়িতে ফেরা যাক।\r\nগোয়ালে গরুটাকে বেঁধে\r\nগেলাম ঘরে\r\nস্কুল কেন ফাঁকি, সবাই আমাকে\r\nদিল বকাবকি করে।\r\nএকসময় চেয়েছিল পৃথিবী \r\nআমি চিনিনি তখন তাকে,\r\nআকাশজুড়ে ছিল মেঘের বেলা\r\nঘুম ভাঙ্গেনি তখন তার ডাকে।\r\nএখন এসে দেখেছি পৃথিবী\r\nদেখি অনেক দূর তার পথ,\r\nকর্তৃত্ব প্রতিষ্ঠার লড়াই এখানে\r\nকেউ শুনতে চায়না কারো মত।\r\nএখন বুঝি, পড়া লেখা হল\r\nআমার ২য় জীবন,\r\nএকগুয়েমির পথ ছেড়ে\r\nকরেছি তাকে আপন।\r\nআরো অনেক স্মৃতি মনে পড়ে\r\nলিখবোনা আর লেখা।\r\nকি লাভ সেই দিনগুলোতো\r\nআর হবেনা ফিরে দেখা।।', '1615651384_53_7491.jpg', '1', '1', '2021-03-13 16:03:04', NULL, NULL),
(40, 53, 4, 'মিথ্যাবাদী', 'চারদিকে আজ খুব বেশি দাপট মিথ্যাবাদী, প্রতারক আর একচোখার\r\nএরা এক নির্লজ্জ জাতি, বিবেকহীন পক্ষপাতী, বিনাশকারী মনবতার', '1615651526_53_4132.jpg', '1', '1', '2021-03-13 16:05:26', NULL, NULL),
(41, 53, 1, 'হে মুসলমান ', '\r\nভোর বেলায় মিষ্টি মধুর ফজরের আযান \r\nসবার আগে তোমার জেগে উঠার আহ্বান ।', '1615651701_53_7460.jpg', '1', '1', '2021-03-13 16:08:21', NULL, NULL),
(42, 53, 3, 'শিশু ', 'শিশু যে তার তনু মন\r\nউল্লাসে দুলে প্রতিক্ষণ।\r\nকচি কন্ঠে বলে কত কথা\r\nপ্রাণে প্রাণে ছড়ায় নির্মলতা।\r\nআছে কান্না-হাসির কত ক্ষণ \r\nঅল্পতেই হয়ে যায় পরিবর্তন ।\r\nখেলনা পেলে একলা খেলে \r\nরং ডং মেশানো আপন ছলে\r\nনির্মল হাসির ঝলক ছুড়ে \r\nভূবন হাসায় স্বপ্নিল তোড়ে।।', '1615651783_53_4614.jpg', '1', '1', '2021-03-13 16:09:43', NULL, NULL),
(43, 53, 4, 'এখনো ', 'এখনো কেউ করিতে পারে না ঠাহর\r\nকবে হবে শেষ প্রতীক্ষার প্রান্ত প্রহর।', '1615656548_53_3175.jpg', '1', '1', '2021-03-13 16:10:49', '2021-03-13 17:29:08', NULL),
(44, 53, 4, 'প্রতীক্ষায় যায়', 'প্রতীক্ষায় যায় বেলা, বাকী রয় অবহেলা\r\nনীরস মন চায় না আর তিমিরের খেলা।।', '1615651919_53_1631.jpg', '2', '1', '2021-03-13 16:11:59', '2021-03-13 17:28:20', NULL),
(45, 53, 1, 'তোমার হুকুম ছাড়া', 'তোমার হুকুম ছাড়া ঝরে না অঝোর ধারায় বৃষ্টি \r\nতোমার হুকুম ছাড়া গাছে গাছে হয় না ফল মৃষ্টি \r\nতোমার নামে কলকল চলচল করে ঐ নদীর কূল\r\nতোমার নামে ঐ পাখিদের গান, ফুটে নানান ফুল।\r\nরোগ-ব্যাধি, ঝড়-তুফানে ধরো, ভাঙতে মনের  ভুল\r\nসুখের পর দুখ বদল করে তুমি করো পাপের নির্মূল।।', '1615651990_53_3824.jpg', '1', '1', '2021-03-13 16:13:10', NULL, NULL),
(46, 53, 1, 'নম্র ভোরে', 'নম্র ভোরে ভদ্র সুরে আকাশ জমিন গায় আল্লাহর গান।\r\nঘরে ঘরে ঘুমের বান, আহা কে বুঝবে এই ভো', '1615652046_53_3108.jpg', '1', '1', '2021-03-13 16:14:06', NULL, NULL),
(47, 53, 4, 'পায়নি অধিকার', 'যে পথ শুধু দীর্ঘ বিড়ম্বনার শিকার\r\nচলেছি সে পথে পায়নি অধিকার।।', '1615652107_53_7119.jpg', '1', '1', '2021-03-13 16:15:07', NULL, NULL),
(48, 53, 4, 'কখনো ভাবি,', 'কখনো ভাবি, মন যেন পৃথিবীর\r\nস্বপ্নিল ছবির মাঝে হারিয়ে যায়\r\nস্বপ্ন শুধু স্বপ্ন, বাস্তব সামান্য,\r\nআশার ছলনা মনকে অনলে পুড়ায়।\r\nমানুষের কৌতহল জীবনে,\r\nনিজকে জড়িয়ে কি যেন খুঁজি!\r\nআলোর মিছিল কোথায়\r\nঅজ্ঞতার পিষে, জীবন যেন ভরাডুবি।\r\nদুদোল্যমান মনটা, বেচে নিতে পারেনা\r\nসোনালি পথের জীবন\r\nভীরু মনে নিরাশায় বলি, জীবন হতে পারে\r\nদুখের দহনে পূরণ।\r\nভীরু মন হেটেছিল অজ্ঞতায়,\r\nতাই তার এমন কথা বলা\r\nঅজ্ঞতার আড়ালে বুঝেছি অনেক,\r\nতবু খুঁজিনি আলোর পথচলা।\r\nভাষা সাহিত্য জানিনা,\r\nতবু যেন লিখে করি ভুল\r\nমনের গতির সাথে জীবনের গতির\r\nঅমিলের করি তুল।\r\nজীবন প্রদীপ কখন নিবে যায়\r\nমৃত্যুযাত্রী দেখি প্রতিদিন\r\nতারা ঠিকানাহীন ভয়াল পথে\r\nকেউ শুনেনা তবু তাদের দুখের বীণ।', '1615652158_53_6521.jpg', '1', '1', '2021-03-13 16:15:58', NULL, NULL),
(49, 53, 1, 'শান্তি যদি', 'শান্তি যদি চাও তুমি \r\nদুনিয়া ও আখিরাতে\r\nমেনে চলো আল্লাহর বিধান\r\nচলো তুমি চলো, আলোর কাফেলাতে।। \r\nদৃষ্টিকে হেফাজত কর \r\nআল্লাহকে কর তুমি  ভয়\r\nযদি না মানো প্রভুর বিধান\r\nওপারের দিন হবে কঠিন, বিষাদময় \r\nদেরি নয় বন্ধু, চলো তুমি চলো\r\nকোরআনের পথে(ঐ)\r\nভালো কাজে লেগে থাকো\r\nফিরে এসো মন্দ থেকে\r\nআলোর জীবন গড়ো তুমি\r\nআল কোরআনের আলোকে।। \r\nইমানের পথে অবিচল থেকে\r\nচলো তুমি চলো, আলোর পথে(ঐ)\r\nআমল কর ইখলাসের সাথে \r\nইমান কর খাঁটি \r\nছিঁড়ে ফেল সকল ভ্রান্তি \r\nগড়ো তোল আলোর ঘাঁটি।। \r\nআল্লাহকে খুশি করে \r\nচলো তুমি চলো\r\n চির সুখময় জান্নাতে(ঐ)', '1615652255_53_1610.jpg', '1', '1', '2021-03-13 16:17:35', NULL, NULL),
(50, 53, 5, 'দালান-ঘর', 'দালান-ঘর আর দালান-ঘর \r\nজট লাগিয়ে আছে ঢাকা শহর \r\nমানুষ  আর যানবাহন সারাদিন  চঞ্চল \r\nনানান রূপে অস্থির  ঢাকার সব অঞ্চল \r\nএটা সেটা আরো কত কিছুর হুজুগ \r\nস্নিগ্ধ প্রশ্বাসের কোথাও নেই সুযোগ।', '1615652423_53_3328.jpg', '1', '1', '2021-03-13 16:20:23', NULL, NULL),
(51, 53, 1, 'আমি তোমায় দেখেছি', 'আমি তোমায় দেখেছি, ঝরঝরে বৃষ্টির মাঝে\r\nআমি তোমায় দেখেছি, মেঘের বর্ণিল সাজে।\r\nআমি তোমায় দেখেছি, আকাশ ঘেরা কালো মেঘে\r\nঝড়-তুফানে আমগুলো নিয়েছি যখন সবার আগে।\r\nআমি তোমায় দেখেছি, বিস্তৃর্ণ ফসলের মাঠে\r\nযখন কৃষক মহানন্দে, সেই পথ ধরে হাটে।\r\nআমি তোমায় দেখেছি, অগণিত গাছে গাছে\r\nবহু রং, স্বাধ, গন্ধের ফল, যেখানে মজুত আছে।\r\nআমি তোমায় দেখেছি, অসুস্থ মানুষ যারা\r\nক্ষাণিক পরে তারা হয়ত হবে সর্বহারা।\r\nআমি তোমায় দেখেছি, যখন তারার ঝলকে অনিল\r\nআর চাঁদের  আলোয় হয় যখন পৃথিবী স্বপ্নিল। \r\nআমি তোমায় দেখেছি, অমায়িক  জীবনের মাঝে\r\nমনে পড়ে যায় যাদের কথা  সকাল ও সাঁঝে।\r\nআমি তোমায় দেখেছি, ফুল বাগানের ফুলে\r\n ফুলের সৌরভে মন যখন হাওয়ায় দুলে।\r\nআমি তোমায় দেখেছি, ডালে ডালে পাখির গানের তালে\r\nআর অবিরত বয়ে চলা নদী, শূন্য দুকূলে।\r\nআমি তোমায় দেখেছি, যখন কাঁদে অনাহারির কেউ\r\nআর যখন কূলে কূলে এসে ভীড়  জমায় সাগরের  ঢেউ।\r\nআমি তোমায় দেখেছি, ঐ আকাশের লালীমায়\r\nযখন পাখিরা ছুটে চলে তাদের আপন ঠিকানায়।\r\nআমি তোমায় দেখেছি, প্রবাহিত ঝিরিঝিরি বাতাসে\r\nআর শিশু কিশোর যখন, মায়া মমতা নিয়ে হাসে। \r\nআমি তোমায় দেখেছি, জোনাকির নীরব মিছিলে\r\nআর স্বপ্ন মানুষের ঘুম ভাঙ্গা স্বপ্নের ঝিলমিলে।', '1615652505_53_5376.jpg', '1', '1', '2021-03-13 16:21:45', NULL, NULL),
(52, 53, 3, 'ইচ্ছে হয় ', 'ইচ্ছে হয় \r\nমেঘের দেশে আপন বেশে\r\nহারিয়ে যেতে\r\nআকাশ বাতাস হাসবে যখন\r\nটাপুর টুপুর বৃষ্টিতে।\r\nইচ্ছে হয় \r\nপাখির মত একলা মনে\r\nডানা মেলে উড়ি\r\nআর যেতে যেতে দেখবো আমি\r\nচাঁদের দেশের বুড়ি', '1615652616_53_3998.jpg', '1', '1', '2021-03-13 16:23:36', NULL, NULL),
(53, 80, 1, 'জন্মদিন পালন', 'কেক কেটে জন্মদিন পালনের উদ্ভব হয় পশ্চিমা দেশগুলোতে। আর জন্মদিনের সূচনা হয় ফিরাউন থেকে। বাইবেলের বুক অব জেনেসিসে এসেছে, ‘তৃতীয় দিনটা ছিল ফিরাউনের জন্মদিন। ফিরাউন তার সব দাসদের জন্য ভোজের আয়োজন করলেন। সেই সময় ফিরাউন রুটিওয়ালা ও খাদ্যদ্রব্য পরিবেশককে কারাগার থেকে মুক্তি দিলেন।’ (আদি পুস্তক : ৪০২', '1615654632_80_5177.jpg', '2', '1', '2021-03-13 16:57:12', '2021-03-13 16:57:44', NULL),
(54, 80, 4, 'মিশিয়ে কোমল মন', 'পথেঘাটে শত দৃষ্টি মিশিয়ে কোমল মন\r\nএকটু অন্নজলের খোঁজে কাটায় জীবন।', '1615654728_80_8422.jpg', '1', '1', '2021-03-13 16:58:48', NULL, NULL);

-- --------------------------------------------------------

--
-- Table structure for table `subcata`
--

CREATE TABLE `subcata` (
  `id` int(11) NOT NULL,
  `subname` varchar(200) NOT NULL,
  `status` varchar(20) NOT NULL DEFAULT '1',
  `created` timestamp NOT NULL DEFAULT current_timestamp() ON UPDATE current_timestamp(),
  `updated` timestamp NOT NULL DEFAULT current_timestamp() ON UPDATE current_timestamp()
) ENGINE=InnoDB DEFAULT CHARSET=utf8mb4;

--
-- Dumping data for table `subcata`
--

INSERT INTO `subcata` (`id`, `subname`, `status`, `created`, `updated`) VALUES
(1, 'হযরত মুহাম্মদ সাঃ', '1', '2021-03-07 11:16:54', '2021-03-07 11:16:54'),
(2, 'হয়রত মূসা আঃ', '1', '2021-03-07 11:17:02', '2021-03-07 11:17:02'),
(3, 'হয়রত ইসা আঃ', '1', '2021-03-07 11:17:14', '2021-03-07 11:17:14'),
(4, 'হযরত দাউদ আঃ', '1', '2021-03-07 11:17:25', '2021-03-07 11:17:25'),
(5, 'হযরত সোলাইমান আঃ', '1', '2021-03-07 11:17:33', '2021-03-07 11:17:33'),
(6, 'হযরত আবু বকর রা:', '2', '2021-03-07 11:22:36', '2021-03-07 11:22:36'),
(7, 'হযরত ওমর রা:', '2', '2021-03-07 11:23:41', '2021-03-07 11:23:41'),
(8, 'হযরত ওসমান রা:', '2', '2021-03-07 11:23:41', '2021-03-07 11:23:41'),
(9, 'হযরত আলী রা:', '2', '2021-03-07 11:23:41', '2021-03-07 11:23:41');

-- --------------------------------------------------------

--
-- Table structure for table `users`
--

CREATE TABLE `users` (
  `id` int(11) NOT NULL,
  `username` varchar(100) NOT NULL,
  `email` varchar(80) NOT NULL,
  `password` varchar(200) NOT NULL,
  `token` varchar(250) DEFAULT NULL,
  `status` set('0','1','2','') NOT NULL,
  `role` set('1','2','3','') NOT NULL,
  `created` timestamp NOT NULL DEFAULT current_timestamp(),
  `updated` timestamp NOT NULL DEFAULT current_timestamp() ON UPDATE current_timestamp(),
  `deleted` timestamp NULL DEFAULT NULL
) ENGINE=InnoDB DEFAULT CHARSET=utf8mb4;

--
-- Dumping data for table `users`
--

INSERT INTO `users` (`id`, `username`, `email`, `password`, `token`, `status`, `role`, `created`, `updated`, `deleted`) VALUES
(49, 'adminy', 'adminy@gmail.com', '$2y$10$X2ob8u4XxJWa8i5TnRtrZOHWGwlIXaEXyOIjQtvNPas6nActy3cOm', NULL, '1', '1', '2021-02-22 15:44:52', '2021-03-13 11:49:08', NULL),
(53, 'Mujammell', 'm@gmail.com', '$2y$10$ZV3dR34QiSS1QzAIIqmJy./dyu5s35OyJ43VsUnZaRA/uwRHvZXGe', NULL, '1', '1', '2021-02-22 17:02:22', '2021-03-13 12:10:22', NULL),
(80, 'idb-bisew', 'idb@gmail.com', '$2y$10$D.SxTaHS7Qx/FATGDpZJce7bHmM9gKOlHJ.MiQhimvpqT2f/yP.Gu', NULL, '1', '1', '2021-03-13 16:54:42', '2021-03-13 16:54:42', NULL);

--
-- Indexes for dumped tables
--

--
-- Indexes for table `admin`
--
ALTER TABLE `admin`
  ADD PRIMARY KEY (`id`),
  ADD UNIQUE KEY `username` (`username`),
  ADD UNIQUE KEY `email` (`email`);

--
-- Indexes for table `comments`
--
ALTER TABLE `comments`
  ADD PRIMARY KEY (`id`),
  ADD KEY `tid` (`tid`),
  ADD KEY `uid` (`uid`),
  ADD KEY `mid` (`mid`),
  ADD KEY `pid` (`pid`);

--
-- Indexes for table `mypoem`
--
ALTER TABLE `mypoem`
  ADD PRIMARY KEY (`id`),
  ADD KEY `mpcid` (`mpcid`),
  ADD KEY `sub` (`sub`);

--
-- Indexes for table `mypoemcata`
--
ALTER TABLE `mypoemcata`
  ADD PRIMARY KEY (`id`);

--
-- Indexes for table `poetcata`
--
ALTER TABLE `poetcata`
  ADD PRIMARY KEY (`id`);

--
-- Indexes for table `poetpoem`
--
ALTER TABLE `poetpoem`
  ADD PRIMARY KEY (`id`),
  ADD KEY `pcid` (`pcid`);

--
-- Indexes for table `profiles`
--
ALTER TABLE `profiles`
  ADD PRIMARY KEY (`id`),
  ADD UNIQUE KEY `uid` (`uid`);

--
-- Indexes for table `ptweets`
--
ALTER TABLE `ptweets`
  ADD PRIMARY KEY (`id`),
  ADD KEY `uid` (`uid`),
  ADD KEY `cid` (`cid`);

--
-- Indexes for table `subcata`
--
ALTER TABLE `subcata`
  ADD PRIMARY KEY (`id`);

--
-- Indexes for table `users`
--
ALTER TABLE `users`
  ADD PRIMARY KEY (`id`),
  ADD UNIQUE KEY `username` (`username`),
  ADD UNIQUE KEY `email` (`email`);

--
-- AUTO_INCREMENT for dumped tables
--

--
-- AUTO_INCREMENT for table `admin`
--
ALTER TABLE `admin`
  MODIFY `id` int(11) NOT NULL AUTO_INCREMENT, AUTO_INCREMENT=2;

--
-- AUTO_INCREMENT for table `comments`
--
ALTER TABLE `comments`
  MODIFY `id` int(11) NOT NULL AUTO_INCREMENT, AUTO_INCREMENT=89;

--
-- AUTO_INCREMENT for table `mypoem`
--
ALTER TABLE `mypoem`
  MODIFY `id` int(11) NOT NULL AUTO_INCREMENT, AUTO_INCREMENT=29;

--
-- AUTO_INCREMENT for table `mypoemcata`
--
ALTER TABLE `mypoemcata`
  MODIFY `id` int(11) NOT NULL AUTO_INCREMENT, AUTO_INCREMENT=13;

--
-- AUTO_INCREMENT for table `poetcata`
--
ALTER TABLE `poetcata`
  MODIFY `id` int(11) NOT NULL AUTO_INCREMENT, AUTO_INCREMENT=15;

--
-- AUTO_INCREMENT for table `poetpoem`
--
ALTER TABLE `poetpoem`
  MODIFY `id` int(11) NOT NULL AUTO_INCREMENT, AUTO_INCREMENT=27;

--
-- AUTO_INCREMENT for table `profiles`
--
ALTER TABLE `profiles`
  MODIFY `id` int(11) NOT NULL AUTO_INCREMENT, AUTO_INCREMENT=2;

--
-- AUTO_INCREMENT for table `ptweets`
--
ALTER TABLE `ptweets`
  MODIFY `id` int(11) NOT NULL AUTO_INCREMENT, AUTO_INCREMENT=55;

--
-- AUTO_INCREMENT for table `subcata`
--
ALTER TABLE `subcata`
  MODIFY `id` int(11) NOT NULL AUTO_INCREMENT, AUTO_INCREMENT=10;

--
-- AUTO_INCREMENT for table `users`
--
ALTER TABLE `users`
  MODIFY `id` int(11) NOT NULL AUTO_INCREMENT, AUTO_INCREMENT=81;

--
-- Constraints for dumped tables
--

--
-- Constraints for table `comments`
--
ALTER TABLE `comments`
  ADD CONSTRAINT `comments_ibfk_1` FOREIGN KEY (`uid`) REFERENCES `users` (`id`),
  ADD CONSTRAINT `comments_ibfk_2` FOREIGN KEY (`tid`) REFERENCES `ptweets` (`id`),
  ADD CONSTRAINT `comments_ibfk_3` FOREIGN KEY (`mid`) REFERENCES `mypoem` (`id`),
  ADD CONSTRAINT `comments_ibfk_4` FOREIGN KEY (`pid`) REFERENCES `poetpoem` (`id`);

--
-- Constraints for table `mypoem`
--
ALTER TABLE `mypoem`
  ADD CONSTRAINT `mypoem_ibfk_1` FOREIGN KEY (`mpcid`) REFERENCES `mypoemcata` (`id`),
  ADD CONSTRAINT `mypoem_ibfk_2` FOREIGN KEY (`sub`) REFERENCES `subcata` (`id`);

--
-- Constraints for table `poetpoem`
--
ALTER TABLE `poetpoem`
  ADD CONSTRAINT `poetpoem_ibfk_1` FOREIGN KEY (`pcid`) REFERENCES `poetcata` (`id`);

--
-- Constraints for table `profiles`
--
ALTER TABLE `profiles`
  ADD CONSTRAINT `profiles_ibfk_1` FOREIGN KEY (`uid`) REFERENCES `users` (`id`);

--
-- Constraints for table `ptweets`
--
ALTER TABLE `ptweets`
  ADD CONSTRAINT `ptweets_ibfk_1` FOREIGN KEY (`uid`) REFERENCES `users` (`id`),
  ADD CONSTRAINT `ptweets_ibfk_2` FOREIGN KEY (`cid`) REFERENCES `mypoemcata` (`id`);
COMMIT;

/*!40101 SET CHARACTER_SET_CLIENT=@OLD_CHARACTER_SET_CLIENT */;
/*!40101 SET CHARACTER_SET_RESULTS=@OLD_CHARACTER_SET_RESULTS */;
/*!40101 SET COLLATION_CONNECTION=@OLD_COLLATION_CONNECTION */;
